INSERT INTO languages (code)
VALUES ('ua'),
       ('en'),
       ('ru');

INSERT INTO users (date_of_registration, email, email_notification, name, role, user_status, refresh_token_key, rating, last_activity_time, first_name, city, user_credo, show_location, show_eco_place, show_shopping_list)
VALUES ( '2020-09-10 20:00:00', 'majboroda.artur@mail.com', 0, 'artur', 0, 2, 'z4hbh12chxb6vg1urh117-btu1wf-9jltmjl', 10, '2020-09-10 21:00:00', 'Artur', 'Lviv', 'Те, що противно природі, до добра ніколи не веде.', true, true, true),
       ( '2020-09-10 20:00:00', 'komarov.eduard@mail.com', 0, 'eduard', 0, 2, '4u-qx6uyo-k1-6bscsluy3phvhkhvxvul2-3', 20, '2020-09-10 21:00:00', 'Eduard', 'Kyiv', 'Людина і природа - приклад ідеальної гармонії.', true, true, true),
       ( '2020-03-10 20:00:00', 'oleksiv.shamil@mail.com', 0, 'shamil', 0, 2, '5rrbeueh431wzhhpwso070ci813u678jopzn', 20, '2020-03-10 21:00:00', 'Shamil', 'Dnipro', 'У свою годину своя поезія в природі', true, true, true),
       ( '2020-08-10 20:00:00', 'irshov.grugorij@mail.com', 0, 'grugorij', 0, 2, 'hluhf7-n-ppl18sws9i-cfnve8dh2w2yzvth', 20, '2020-08-10 21:00:00', 'Grugorij', 'Kyiv', 'Немає нічого більш винахідливого, ніж природа.', true, true, true),
       ( '2020-09-10 20:00:00', 'liakh.roman@mail.com', 0, 'roman', 0, 2, 'urx64695muw9dv56xefu8tzh-h5lxuj3tt3s', 20, '2020-09-10 21:00:00', 'Roman', 'Lviv', 'Людина не стане паном природи, поки вона не стала паном самого себе', true, true, true),
       ( '2020-09-10 20:00:00', 'miasnuk.ihor@mail.com', 0, 'ihor', 0, 2, '71-9b3xllh-bhf6tyre9kfrwax1p7f1nrbai', 20, '2020-09-10 21:00:00', 'Ihor', 'Kyiv', 'Шукання цілей в природі має своїм джерелом невігластво.', true, true, true),
       ( '2020-06-10 20:00:00', 'efimov.ivan@mail.com', 0, 'ivan', 0, 2, 'gfzymgr7smf11pc8ib2g-2xx3w04cc65reqb', 20, '2020-06-10 21:00:00', 'Ivan', 'Dnipro', 'Основним законом природи є збереження людства.', true, true, true),
       ( '2020-09-10 20:00:00', 'pochynok.petro@mail.com', 0, 'petro', 0, 2, 'ge2k72jqhg4b2qm4wr3hyf9z5gfoes588qpd', 20, '2020-09-10 21:00:00', 'Petro', 'Lviv', 'Найближче до Божества в цьому світі перебуває природа.', true, true, true),
       ( '2020-09-10 20:00:00', 'serdyuk.orest@mail.com', 0, 'orest', 0, 2, '2lkgps5vmu-kh8eu9tuyvlxyrnerjgics62y', 20, '2020-09-10 21:00:00', 'Orest', 'Kyiv', 'Творіння природи досконаліше творінь мистецтва.', true, true, true),
       ( '2020-08-10 20:00:00', 'shevtsov.oleksiy@mail.com', 0, 'oleksiy', 0, 2, 's-9pk7wplpebeyorjs-x-ckmkkdfqymvhpje', 20, '2020-08-10 21:00:00', 'Oleksiy', 'Kyiv', 'Природа - будинок, в якому живе людина.', true, true, true),
       ( '2020-09-10 20:00:00', 'shumilo.yan@mail.com', 0, 'yan', 0, 2, '1r34z0-sntpdsbfqgwgp5x95mcdmnkrmxm6q', 20, '2020-09-10 21:00:00', 'Yan', 'Lviv', 'Найпрекрасніше в природі - відсутність людини', true, true, true),
       ( '2020-09-10 20:00:00', 'volianskiy.ihor@mail.com', 0, 'ihor', 0, 2, '1ppxdc33xgp58jpsd3ot674c7m2dk7fxpvls', 20, '2020-09-10 21:00:00', 'Ihor', 'Kharkiv', 'Природа - це все, що створено не людиною.', true, true, true),
       ( '2020-06-10 20:00:00', 'tsal.vitaliy@mail.com', 0, 'vitaliy', 0, 2, 'nv0uyb3wts40dn59hxjtn0y99ozdzqg7qv41', 20, '2020-06-10 21:00:00', 'Vitaliy', 'Kyiv', 'Природа щедра у своїх діях і бережлива в пропонованих нею причинах.', true, true, true),
       ( '2020-09-10 20:00:00', 'tarasyuk.danylo@mail.com', 0, 'danylo', 0, 2, '9jx2qsdc68jreooqjdrvcm4om6w3gkrs15e5', 20, '2020-09-10 21:00:00', 'Danylo', 'Dnipro', 'Природа людини полягає в тому, щоб весь час йти вперед.', true, true, true),
       ( '2020-02-10 20:00:00', 'spilberg.marian@mail.com', 0, 'marian', 0, 2, 'v9b7mrhgv2vgylk3mbqgap3vqxbkwc3jhk0w', 20, '2020-02-10 21:00:00', 'Marian', 'Kharkiv', 'Вітер є подихом природи.', true, true, true),
       ( '2020-06-10 20:00:00', 'sirko.ivan@mail.com', 0, 'ivan', 0, 2, 'yqoc64aqppu29vwuv1xjvmzvkrjpfq-0gamn', 20, '2020-06-10 21:00:00', 'Ivan', 'Kyiv', ' У природі є і зерна, і труха.', true, true, true),
       ( '2020-01-10 20:00:00', 'samsonov.rafael@mail.com', 0, 'Rafael', 0, 2, 'b9mq-zgsbz0sbe-48mgknakngryo1vrxiufp', 20, '2020-01-10 21:00:00', 'Rafael', 'Lviv', ' У природі ніщо не пропадає, крім самої природи.', true, true, true),
       ( '2020-03-10 20:00:00', 'bytko.makar@mail.com', 0, 'makar', 0, 2, 'f781l5dghyz5gfksqdn2563hs1-ggol4l9u8', 20, '2020-03-10 21:00:00', 'Makar', 'Kyiv', ' Час знищує помилкові думки, а судження природи підтверджує.', true, true, true),
       ( '2020-10-10 20:00:00', 'pavluk.lyka@mail.com', 0, 'lyka', 0, 2, 'udjysmn69eylpy30zxzigjwou5-2chze1uao', 20, '2020-10-10 21:00:00', 'Lyka', 'Kharkiv', 'Природа не храм, а майстерня, і людина в ній працівник.', true, true, true),
       ( '2020-09-10 20:00:00', 'davudov.illia@mail.com', 0, 'Illia', 0, 2, 'ap8mkg6hosr9nr9zq-xgqskay2vyzdxvlmuy', 20, '2020-09-10 21:00:00', 'Illia', 'Kyiv', ' Природа не робить людей, люди роблять себе самі.', true, true, true);

INSERT INTO own_security (password, user_id)
VALUES ('stUqzeknlmu20e7LSo$XgmMipqvyYXj/$mRRPfLzyPOSyIWeimtaZ00q$$dg', 1),
       ('WlDUCAmtECANY0WyLWEnlsROlT97JvZqdJmHQsO1oNSaOljjGjl8$/5slYwQ', 2),
       ('9IzJWZrdoKAjsCQzezfkXAFewQgE75Gea9kTerb7a5lMLJA0uOMtuXf38Wxj', 3),
       ('NJ2oigkZhQtwufogLjIcyMj$9pc4C5TFyCraOy$h4J/fdZ2WjVp$jelABysW', 4),
       ('4uhbB190/qcinrbywziDTOVEjPTWQK/JO6O$J1mfA9Xo5wWMog7sHgTGrYu0', 5),
       ('sssPFUm1OePfQCVC5x0L81qrirXpCyS$mkeUzkTZOHBewb6h8hQpZfyl/Inv', 6),
       ('4W448ajP0WaoJsUGgh0vdVKhKCWRMVdsh4$tmohCrKTE3cT7rHHOGbxwYjJR', 7),
       ('floR7QuomhIl1JLAC7k3mP$AdkNjfhxQ2zdiUuTByEoekyaqD5ehDDGK1cB3', 8),
       ('$E$9Us99Jya3g8TiJgy1BdK1V4/YZHv0znml6KC6GctznyZ8K7tlrneNE3rr', 9),
       ('pP6CJUI2BTr/BJyfNIPTUUZNwxJ9hmTGhglgosr48P4SVKj8lvaG0W34QsO1', 10),
       ('zYoFAtd8XXcuO/Onjz21$2cWLRO7Rkns1yIfIFik/ubhuQnmN9T7ZpKQa/Wi', 11),
       ('bJ3KHLxxVj60MevjBj1dTy1fZVZczHMFgi0Cq9XsymUOkIgbfntECNqk$ocz', 12),
       ('G0JhOFnHETp2h6MvdssJVxOKZsnbN2caX39KX9GMbAIerT7wsQp1beYQlF4a', 13),
       ('W5OzDgI42hPW9HrpNrzYxwhcIeb9S383trV4S7/91/rUdK0tmBOp3GSI2Xpu', 14),
       ('J31y24$2Psy3T87HMMfyBOcnWoZP8AwAyzntB1q$c$C9u2gcpnvoW$XNBU2h', 15),
       ('wObyVX9jd0nJeOXgc1fF//o/UBH1T8hZqiheMaEW4A/QUwKtmrbqCtOc4fVw', 16),
       ('2Nbr2WDF0XZPd8vAqyfDmlo3C9eFjXfuxh8yrn0I$FiDg4sOQjKFlryPAlBz', 17),
       ('PI3YKYPjgh0Gsy5Da$IcX7NBkq/cEKiPHCXVGGU/Lcpannd7rhyS01t432AS', 18),
       ('KqA0tXuyR7qhFoGIA5mZdSBf0NB0ho/ocq7UM4SlKdCwDU40dG4Q96nlDIBH', 19),
       ('G2F42pURxPrpJZZOk8ikyZ4c2pVY0q7kDsQlNLUdpIBr9MuPALhaIB7fnRvD', 20);

INSERT INTO users_friends (user_id, friend_id, status, created_date)
VALUES (1, 2, 1, '2020-09-10 21:00:00'), (1, 3, 1, '2020-09-10 21:00:00'), (1, 4, 1, '2020-09-10 21:00:00'), (1, 5, 1, '2020-09-10 21:00:00'), (1, 6, 1, '2020-09-10 21:00:00'), (1, 7, 1, '2020-09-10 21:00:00'),
       (2, 1, 1, '2020-09-10 21:00:00'), (2, 3, 1, '2020-09-10 21:00:00'), (2, 4, 1, '2020-09-10 21:00:00'), (2, 5, 1, '2020-09-10 21:00:00'), (2, 6, 1, '2020-09-10 21:00:00'), (2, 7, 1, '2020-09-10 21:00:00'),
       (3, 1, 1, '2020-09-10 21:00:00'), (3, 2, 1, '2020-09-10 21:00:00'), (3, 4, 1, '2020-09-10 21:00:00'), (3, 5, 1, '2020-09-10 21:00:00'), (3, 6, 1, '2020-09-10 21:00:00'), (3, 7, 1, '2020-09-10 21:00:00'),
       (4, 1, 1, '2020-09-10 21:00:00'), (4, 2, 1, '2020-09-10 21:00:00'), (4, 3, 1, '2020-09-10 21:00:00'), (4, 5, 1, '2020-09-10 21:00:00'), (4, 6, 1, '2020-09-10 21:00:00'), (4, 7, 1, '2020-09-10 21:00:00'),
       (5, 1, 1, '2020-09-10 21:00:00'), (5, 2, 1, '2020-09-10 21:00:00'), (5, 3, 1, '2020-09-10 21:00:00'), (5, 4, 1, '2020-09-10 21:00:00'), (5, 6, 1, '2020-09-10 21:00:00'), (5, 7, 1, '2020-09-10 21:00:00'),
       (6, 1, 1, '2020-09-10 21:00:00'), (6, 2, 1, '2020-09-10 21:00:00'), (6, 3, 1, '2020-09-10 21:00:00'), (6, 4, 1, '2020-09-10 21:00:00'), (6, 5, 1, '2020-09-10 21:00:00'), (6, 7, 1, '2020-09-10 21:00:00'),
       (7, 1, 1, '2020-09-10 21:00:00'), (7, 2, 1, '2020-09-10 21:00:00'), (7, 3, 1, '2020-09-10 21:00:00'), (7, 4, 1, '2020-09-10 21:00:00'), (7, 5, 1, '2020-09-10 21:00:00'), (7, 6, 1, '2020-09-10 21:00:00');

INSERT INTO user_achievements (user_id, achievement_id, achievement_status)
VALUES (1, 1, 'ACTIVE'),
       (1, 2, 'ACTIVE'),
       (1, 3, 'ACTIVE'),
       (1, 4, 'INACTIVE'),
       (5, 5, 'ACTIVE'),
       (6, 6, 'ACTIVE'),
       (7, 7, 'ACTIVE'),
       (8, 8, 'ACTIVE'),
       (9, 9, 'INACTIVE'),
       (10, 10, 'ACTIVE');

INSERT INTO achievement_categories(name)
VALUES ('Econews'),
       ('Rating'),
       ('Likes');

INSERT INTO achievements (achievement_category_id, condition)
VALUES ('1', '10'),
       ('1', '20');

INSERT INTO achievement_translations (title, description, message, language_id, achievement_id)
VALUES ('Вітаємо', 'Реєстраці', 'Вітаємо на Green City', '1', '1'),
       ('Acquaintance', 'Register and pass onboarding', 'Welcome you in Green City application!', '2', '1'),
       ('Поздоравление', 'Реистрация', 'Добро пожаловать в приложение Green City!', '3', '1'),
       ('Еко друг', 'Почніть відстежувати звичку', 'Гарного початку для вас і не здавайтесь! Досягнення "Еко друг" за вами.', '1', '2'),
       ('Eco friend', 'Start to track a habit', 'Good start for you and do not give up! Achievement "Eco friend" is yours.', '2', '2'),
       ('Эко друг', 'Начать отслеживать привычку', 'Хорошее начало для вас и не сдавайтесь! Достижение «Эко друг» принадлежит вам.', '3', '2');

INSERT INTO habits (id, image, default_duration)
VALUES (1, 'image1', 14),
       (2, 'image1', 14),
       (3, 'image1', 14),
       (4, 'image1', 14),
       (5, 'image1', 14),
       (6, 'image1', 14),
       (7, 'image1', 14),
       (8, 'image1', 14),
       (9, 'image1', 14),
       (10, 'image1', 14),
       (11, 'image1', 14),
       (12, 'image1', 14),
       (13, 'image1', 14),
       (14, 'image1', 14),
       (15, 'image1', 14),
       (16, 'image1', 14),
       (17, 'image1', 14),
       (18, 'image1', 14),
       (19, 'image1', 14),
       (20, 'image1', 14),
       (21, 'image1', 14),
       (22, 'image1', 14),
       (23, 'image1', 14),
       (24, 'image1', 14),
       (25, 'image1', 14),
       (26, 'image1', 14),
       (27, 'image1', 14),
       (28, 'image1', 14),
       (29, 'image1', 14),
       (30, 'image1', 14),
       (31, 'image1', 14);

INSERT INTO advices (habit_id)
VALUES (1),
       (1),
       (2),
       (2),
       (3),
       (3),
       (4),
       (5);

INSERT INTO advice_translations (language_id, advice_id, content)
VALUES (1, 1, 'Покладіть по одній еко-сумці в кожну сумку чи рюкзак, так вона завжди буде з вами, якщо ви несподівано вирушите в магазин.'),
       (2, 1, 'Put one eco-bag in each bag or backpack, so it will always be with you if you unexpectedly go to the store.'),
       (3, 1, 'Положите по одной эко-сумке в каждую сумку или рюкзак, чтобы она всегда была с вами, если вы неожиданно отправитесь в магазин.'),
       (1, 2, 'Не беріть стаканчики - бережіть природу.'),
       (2, 2, 'Don''t take a glass - protect nature.'),
       (3, 2, 'Не берите стаканчики - берегите природу.'),
       (1, 3, 'Після переходу на сумки для багаторазового використання вам більше не доведеться постійно купувати пакети для товарів і продуктів. Еко сумки мають довший термін експлуатації та зношуються повільно.'),
       (2, 3, 'After switching to reusable bags, you no longer have to constantly buy packages for goods and products. Eco bags have a longer life and wear out slowly.'),
       (3, 3, 'После перехода на многоразовые сумки вам больше не придется постоянно покупать пакеты для товаров и продуктов. Эко-сумки имеют более длительный срок службы и медленно изнашиваются.'),
       (1, 4, 'Почніть зменшення побутових відходів з відмови від пластикових пакетів.'),
       (2, 4, 'To reduce household waste, start by giving up plastic bags.'),
       (3, 4, 'Начните уменьшения бытовых отходов с отказа от пластиковых пакетов.'),
       (1, 5, 'Всі сумки для багаторазового використання дуже легко чистити. Не потрібно турбуватися про те, що варення, мед або крихта потрапляють в куточки. Просто покладіть сумку в пральну або посудомийну машину.'),
       (2, 5, 'All reusable bags are very easy to clean. There is no need to worry about jam, honey or crumbs falling into the corners. Just put the bag in the washing machine or dishwasher.'),
       (3, 5, 'Все сумки для многократного использования очень легко чистить. Не нужно беспокоиться о том, что варенье, мед или крошка попадают в уголки. Просто положите сумку в стиральную или посудомоечную машину.'),
       (1, 6, 'Еко-сумки дуже популярні серед спортсменів і всіх, хто веде здоровий спосіб життя.'),
       (2, 6, 'Eco Bags are very popular with athletes and anyone who leads a healthy lifestyle.'),
       (3, 6, 'Эко-сумки очень популярны у спортсменов и тех, кто ведет здоровый образ жизни.');

INSERT INTO break_time (end_time, start_time)
VALUES ('10:00:00', '06:00:00'),
       ('10:00:00', '06:00:00'),
       ('10:00:00', '06:00:00'),
       ('10:00:00', '06:00:00'),
       ('10:00:00', '06:00:00'),
       ('12:00:00', '10:00:00'),
       ('12:00:00', '10:00:00');

INSERT INTO categories (name, parent_category_id)
VALUES ('Food', null),
       ('Park', null),
       ('Castle', null),
       ('Museum', null),
       ('Hotel', null);

INSERT INTO locations (address, lat, lng)
VALUES ('вулиця Під Дубом', 49.84988, 24.022533),
       ('Вулиця Кульпарківська, 226а, Львів, Львівська область, 79000', 49.807129, 23.977985),
       ('Площа Ринок, Львів, Львівська область, 79000', 49.842042, 24.030359),
       ('Проспект В''ячеслава Чорновола, 2, Львів, Львівська область, 79000', 49.847489, 24.025975),
       ('Площа Ринок, 14 (підвал), Львів, Львівська область, 79000', 49.841311, 24.03229),
       ('Вулиця Замкова, Львів, Львівська область, 79000', 49.951311, 24.03207),
       ('Софіївка, Галицький район, Львів, Львівська область, 79000', 49.855311, 24.03299),
       ('Вулиця Мечникова 33, Львів, Львівська область, 79000', 49.841912, 24.12229),
       ('Вулиця Високий Замок, Львів, Львівська область, 79000', 49.842213, 24.23229),
       ('Вулиця Академіка А.Сахарова, Львів, Львівська область, 79000', 49.804341, 24.03959);

INSERT INTO places (description, email, modified_date, name, phone, status, author_id, category_id, location_id)
VALUES ('Shopping center', 'forum_lviv@gmail.com', '2020-09-10 20:15:00', 'Forum', '0322 489 850', 2, 1, 1, 1),
       ('Shopping center', 'victoria_gardens@gmail.com', '2020-08-10 20:20:00', 'Victoria Gardens', '0322 590 202', 2, 1, 1, 2),
       ('Restaurant', 'pravda_lviv@gmail.com', '2020-07-10 16:31:00', 'Pravda', '0322 157 694', 2, 1, 1, 3),
       ('Restaurant', 'malevych_lviv@gmail.com', '2020-06-10 18:05:00', 'Malevych', '0322 849 348', 2, 1, 1, 4),
       ('Restaurant', 'kryivka_lviv@gmail.com', '2020-06-10 20:00:00', 'Kryivka', '067 310 3145', 2, 1, 1, 5),
       ('Park', 'high_castle@gmail.com', '2020-06-10 20:00:00', 'Park High Castle', '03222 47092', 2, 2, 3, 6),
       ('Park', 'str_park@gmail.com', '2020-06-10 21:00:00', 'Stryiskyi Park', '03222 47792', 2, 2, 2, 7),
       ('Cemetery', 'lych_cem@gmail.com', '2020-06-10 22:00:00', 'Lychakiv Cemetery', '0322 755 415', 2, 2, 4, 8),
       ('Castle', 'mou_high@gmail.com', '2020-06-10 20:33:00', 'Mountain High Castle', '03288 47792', 2, 2, 3, 9),
       ('Hotel', 'eco_tel@gmail.com', '2020-06-10 20:15:00', 'Ekotel', '03791 47792', 2, 2, 5, 10);


INSERT INTO comments (created_date, modified_date, text, estimate_id, parent_comment_id, place_id, user_id)
VALUES ('2020-02-10 14:15:00', '2020-02-10 14:15:00', 'Прекрасне місце, раджу.', null, null, 1, 1),
       ('2020-02-10 14:15:00', '2020-02-10 14:15:00', 'Завжди проводжу тут час.', null, null, 1, 2),
       ('2020-04-10 19:30:00', '2020-04-10 19:30:00', 'Одне з найцікавіших місць у Львові.', null, null, 2, 3),
       ('2020-04-10 19:30:00', '2020-04-10 19:30:00', 'What a beautiful place.', null, null, 2, 5),
       ('2020-04-10 13:54:00', '2020-04-10 13:54:00', 'Мені не дуже сподобалось.', null, null, 3, 6),
       ('2020-05-10 12:10:00', '2020-05-10 12:10:00', 'Як і всюди у Львові, прекрасно.', null, null, 3, 8),
       ('2020-05-10 20:19:00', '2020-05-10 20:19:00', 'Раджу відвідати.', null, null, 4, 10),
       ('2020-06-10 20:22:00', '2020-06-10 20:22:00', 'Always come back here.', null, null, 4, 13),
       ('2020-06-10 18:33:00', '2020-06-10 18:33:00', 'Чудово провів тут час.', null, null, 5, 14),
       ('2020-09-10 14:59:00', '2020-09-10 14:59:00', 'Recommend!', null, null, 5, 15);

INSERT INTO estimates (rate, comment_id, place_id, user_id)
VALUES (5, 1, 1, 1),
       (3, 2, 2, 1),
       (5, 3, 3, 3),
       (5, 4, 4, 5),
       (3, 5, 5, 6),
       (5, 6, 6, 8),
       (4, 7, 7, 10),
       (5, 8, 8, 13),
       (5, 9, 9, 14),
       (4, 10, 10, 15);

INSERT INTO specifications (name)
VALUES ('Animal'),
       ('Own cup'),
       ('Karaoke'),
       ('Shopping'),
       ('Ukrainian food'),
       ('Dance');

INSERT INTO discount_values (value, place_id, specification_id)
VALUES (3, 1, 1),
       (13, 2, 2),
       (20, 3, 3),
       (61, 4, 4),
       (91, 5, 5),
       (45, 6, 6),
       (45, 8, 6),
       (45, 9, 6);

INSERT INTO tags (type)
VALUES ('ECO_NEWS'),
       ('ECO_NEWS'),
       ('ECO_NEWS'),
       ('ECO_NEWS'),
       ('HABIT'),
       ('HABIT'),
       ('HABIT'),
       ('HABIT'),
       ('TIPS_AND_TRICKS'),
       ('TIPS_AND_TRICKS'),
       ('TIPS_AND_TRICKS');

insert into tag_translations values(1, 'Новини', 1, 1);
insert into tag_translations values(2, 'News', 1, 2);
insert into tag_translations values(3, 'Новости', 1, 3);
insert into tag_translations values(4, 'Події', 2, 1);
insert into tag_translations values(5, 'Events', 2, 2);
insert into tag_translations values(6, 'События', 2, 3);
insert into tag_translations values(7, 'Освіта', 3, 1);
insert into tag_translations values(8, 'Education', 3, 2);
insert into tag_translations values(9, 'Образование', 3, 3);
insert into tag_translations values(10, 'Ініціативи', 4, 1);
insert into tag_translations values(11, 'Initiatives', 4, 2);
insert into tag_translations values(12, 'Инициативы', 4, 3);
insert into tag_translations values(13, 'Реклама', 5, 1);
insert into tag_translations values(14, 'Ads', 5, 2);
insert into tag_translations values(15, 'Рекламы', 5, 3);
insert into tag_translations values(16, 'Лайфхаки', 6, 1);
insert into tag_translations values(17, 'Lifehacks', 6, 2);
insert into tag_translations values(18, 'Лайфхаки', 6, 3);
insert into tag_translations values(19, 'Зелене мислення', 7, 1);
insert into tag_translations values(20, 'Green thinking', 7, 2);
insert into tag_translations values(21, 'Зеленое мышление', 7, 3);
insert into tag_translations values(22, 'Нульові відходи', 8, 1);
insert into tag_translations values(23, 'Zero waste', 8, 2);
insert into tag_translations values(24, 'Нулевые отходи', 8, 3);
insert into tag_translations values(25, '3 р''с', 9, 1);
insert into tag_translations values(26, '3 r''s', 9, 2);
insert into tag_translations values(27, '3 р''с', 9, 3);
insert into tag_translations values(28, 'Еко-місто', 10, 1);
insert into tag_translations values(29, 'Eco-city', 10, 2);
insert into tag_translations values(30, 'Эко-город', 10, 3);
insert into tag_translations values(31, 'Тестування', 11, 1);
insert into tag_translations values(32, 'Testing', 11, 2);
insert into tag_translations values(33, 'Тестирование', 11, 3);

INSERT INTO eco_news (creation_date, image_path, author_id, text, title, source)
VALUES ('2020-09-11 18:33:51', 'шлях до картинки', 1,
        'No matter where you live , you can make a difference in the impact of big agriculture. Purchasing foods produced by small, local farms, opting for organic produce whenever possible',
        'A New Way To Buy Food', null),
       ('2020-09-11 18:55:18', 'шлях до картинки', 2,
        'The benefits of biodegradable substances are only felt when they are disposed of properly. Compost piles capture and return all of the recycled nutrients to the environment, and help to sustain new life. ',
        'Why Biodegradable Products are Better for the Planet', null),
       ('2020-09-11 19:06:36', 'шлях до картинки', 3,
        'Over six gallons of water are required to produce one gallon of wine.',
        'Sustainable Wine Is Less Damaging to the Environment, But How Can You Spot It?', null),
       ('2020-09-11 19:14:15', 'шлях до картинки', 4,
        'Instead of trying to get rid of those lawn and garden weeds, harvest them for free homegrown meals.',
        'Please eat the dandelions: 9 edible garden weeds', null),
       ('2020-09-11 19:22:57', 'шлях до картинки', 5,
        'Weather happens hour by hour, day by day—it''s a thunderstorm, a heat wave, a windy afternoon. Taken as averages over decades and centuries, those patterns of precipitation, temperature, and wind for a given region comprise our climate.',
        'Climate Change', null),
       ('2020-09-11 19:31:35', 'шлях до картинки', 6,
        'According to the Environmental Protection Agency, food waste in the United States has tripled since 1960. In landfills, its decomposition generates methane, a potent greenhouse gas.',
        'A Growing Problem', null),
       ('2020-09-11 19:44:19', 'шлях до картинки', 7,
        'Global warming — a component of climate change — is the rapid increase in recorded temperatures of the ocean, land, and air caused by rising levels of carbon dioxide and other greenhouse gases in the atmosphere.',
        'Global Warming', null),
       ('2020-09-11 19:50:56', 'шлях до картинки', 8,
        'Researchers have found evidence of rainforests near the South Pole 90 million years ago, suggesting the climate was exceptionally warm at the time',
        'Traces of ancient rainforest in Antarctica point to a warmer prehistoric world', null),
       ('2020-09-11 19:55:05', 'шлях до картинки', 9, 'Rising sea surface temperatures and acidic waters could eliminate nearly all existing coral reef habitats by 2100, suggesting restoration projects in these areas will likely meet serious challenges','Warming, acidic oceans may nearly eliminate coral reef habitats by 2100', null),
       ('2020-09-11 20:12:56', 'шлях до картинки', 10, 'Four fossilized monkey teeth discovered deep in the Peruvian Amazon provide new evidence that more than one group of ancient primates journeyed across the Atlantic Ocean from Africa.', 'Ancient Teeth from Peru Hint Now-Extinct Monkeys Crossed Atlantic from Africa', null),
       ('2020-09-11 20:15:03', 'шлях до картинки', 11, 'Researchers from Cambridge University and University of California San Diego have 3D printed coral-inspired structures that are capable of growing dense populations of microscopic algae', '3D-printed corals could improve bioenergy and help coral reefs', null);


INSERT INTO eco_news_tags (eco_news_id, tags_id)
VALUES (1, 4),
       (2, 4),
       (3, 1),
       (4, 4),
       (5, 1),
       (6, 1),
       (7, 1),
       (8, 1),
       (9, 1),
       (10, 1),
       (11, 1);

INSERT INTO econews_comment (text, created_date, modified_date, parent_comment_id, user_id, eco_news_id, deleted)
VALUES ('Досить інтересно.', '2020-09-15 20:00:00', '2020-09-15 20:00:00', null, 1, 1, false),
       ('Завжди цікаво почитати новини на цю тему.', '2020-09-15 20:00:00', '2020-09-15 20:00:00', null, 2, 2, false),
       ('Як завжди, цікаві новини.', '2020-09-15 20:00:00', '2020-09-15 20:00:00', null, 3, 3, false),
       ('Ставлю лайк новині.', '2020-09-15 20:00:00', '2020-09-15 20:00:00', null, 4, 4, false),
       ('Тяжко повірити у достовірність наданої інформації.', '2020-09-15 20:00:00', '2020-09-15 20:00:00', null, 5, 5, false),
       ('Ого...', '2020-09-15 20:00:00', '2020-09-15 20:00:00', null, 6, 6, false),
       ('Глобальне потепління - погано.', '2020-09-15 20:00:00', '2020-09-15 20:00:00', null, 7, 7, false),
       ('90 мільйонів років, ого.', '2020-09-15 20:00:00', '2020-09-15 20:00:00', null, 8, 8, false),
       ('Потрібно діяти, поки ще є час.', '2020-09-15 20:00:00', '2020-09-15 20:00:00', null, 10, 9, false),
       ('Люблю мавп, досить інтересні тварини.', '2020-09-15 20:00:00', '2020-09-15 20:00:00', null, 11, 10, false),
       ('Кебридж як завжди, у всьому перший.', '2020-09-15 20:00:00', '2020-09-15 20:00:00', null, 12, 11, false);

INSERT INTO econews_comment_users_liked (econews_comment_id, users_liked_id)
VALUES (1, 1),
       (2, 2),
       (3, 1),
       (4, 1),
       (5, 2),
       (7, 1),
       (8, 3),
       (9, 3),
       (11, 10);

INSERT INTO fact_of_the_day (name, create_date)
VALUES ('27,000 дерев знищується кожен день для виробництва туалетного папіру.', '2020-09-10 20:00:00'),
       ('Переробка однієї алюмінієвої банки зможе надати достатньо електроенергії, щоб телевізор працював мінімум 3 години. 80 мільярдів алюмінієвих банок використовується щоденно', '2020-09-10 20:01:00'),
       ('Папір може бути перероблений тільки шість разів. Після цього волокна дуже слабкі щоб триматися разом', '2020-09-10 20:02:00'),
       ('40% усієї води у світі продається у пляшках.', '2020-09-10 20:03:00'),
       ('Скляна пляшка зроблена у наш час потребує 4000 років для розкладання', '2020-09-10 20:04:00'),
       ('Найстарішому дереву у світі більше 4600 років.', '2020-09-10 20:05:00'),
       ('Наша планета збільшується на 77 мільйонів жителів щорічно.', '2020-09-10 20:06:00'),
       ('Сміттєзвалища складаються на  35% з пакувальних матеріалів.', '2020-09-10 20:07:00'),
       ('Тропічні ліси скорочуються на 100 акрів щохвилинно.', '2020-09-10 20:08:00'),
       ('30% відсотків холодного повітря зникає з вашого холодильника коли Ви його відчиняєте.', '2020-09-10 20:09:00');

INSERT INTO fact_of_the_day_translations (content, fact_of_the_day_id, language_id)
VALUES ('27,000 дерев знищується кожен день для виробництва туалетного папeру.', 1, 1),
       ('27,000 trees are destroyed every day to produce toilet paper.', 1, 2),
       ('27,000 деревьев уничтожается каждый день для производства туалетной бумаги.', 1, 3),
       ('Переробка однієї алюмінієвої банки зможе надати достатньо електроенергії, щоб телевізор працював мінімум 3 години. 80 мільярдів алюмінієвих банок використовується щоденно.', 2, 1),
       ('Recycling one aluminum can will provide enough electricity to keep the TV running for at least 3 hours. 80 billion aluminum cans are used daily.', 2, 2),
       ('Переработка одной алюминиевой банки сможет предоставить достаточно электроэнергии, чтобы телевизор работал минимум 3 часа. 80 миллиардов алюминиевых банок используется ежедневно.', 2, 3),
       ('Папір може бути перероблений тільки шість разів. Після цього волокна дуже слабкі щоб триматися разом.', 3, 1),
       ('Paper can only be recycled six times. After that, the fibers are too weak to stick together.', 3, 2),
       ('Бумага может быть переработан только шесть раз. После этого волокна очень слабые чтобы держаться вместе.', 3, 3),
       ('40% усієї води у світі продається у пляшках.', 4, 1),
       ('40% of all water in the world is sold in bottles.', 4, 2),
       ('40% всей воды в мире продается в бутылках.', 4, 3),
       ('Скляна пляшка зроблена у наш час потребує 4000 років для розкладання.', 5, 1),
       ('A glass bottle made nowadays takes 4000 years to decompose.', 5, 2),
       ('Стеклянная бутылка сделана в наше время требует 4000 для разложения.', 5, 3),
       ('Найстаршому дереву у світі більше 4600 років.', 6, 1),
       ('The oldest tree in the world is more than 4600 years old.', 6, 2),
       ('Самое старое дерево в мире имеет более 4600 лет.', 6, 3),
       ('Наша планета збільшується на 77 мільйонів жителів щорічно.', 7, 1),
       ('Our planet is growing by 77 million people every year.', 7, 2),
       ('Наша планета увеличивается на 77 миллионов жителей ежегодно.', 7, 3),
       ('Сміттєзвалища складаються на 35% з пакувальних матеріалів.', 8, 1),
       ('Landfills consist of 35% of packaging materials.', 8, 2),
       ('Свалки состоят на 35% из упаковочных материалов.', 8, 3),
       ('Тропічні ліси скорочуються на 100 акрів щохвилинно.', 9, 1),
       ('Rainforests are declining by 100 acres every minute.', 9, 2),
       ('Тропические леса сокращаются на 100 акров ежеминутно.', 9, 3),
       ('30% відсотків холодного повітря зникає з вашого холодильника коли Ви його відчиняєте.', 10, 1),
       ('30% of the cold air disappears from your refrigerator when you open it.', 10, 2),
       ('30% процентов холодного воздуха исчезает из вашего холодильника когда Вы его открываете.', 10, 3);

INSERT INTO favorite_places (name, place_id, user_id)
VALUES ('Forum', 1, 1),
       ('Victoria Gardens', 2, 1),
       ('Pravda', 3, 2),
       ('Malevych', 4, 2),
       ('Kryivka', 5, 3),
       ('Park High Castle', 6, 5),
       ('Stryiskyi Park', 7, 7),
       ('Lychakiv Cemetery', 8, 8),
       ('Mountain High Castle', 9, 11),
       ('Ekotel', 10, 12);

INSERT INTO habit_facts (habit_id)
VALUES (1),
       (2),
       (2),
       (2),
       (2),
       (1),
       (1),
       (1);

INSERT INTO habit_fact_translations (language_id, habit_fact_id, content, fact_of_day_status)
VALUES (1, 1, 'Тест факт', 2),
       (2, 2, 'testFactTranslationsContent', 2),
       (3, 3, 'Тест факт', 2);



INSERT INTO habit_translation (name, description, habit_item, language_id, habit_id)
VALUES ('Use a towel instead of paper towels and napkins', 'Description', 'Item', 2, 1),
       ('Use a reusable water bottle', 'Description', 'Item', 2, 2),
       ('Use e-reader instead of paper book', 'Description', 'Item', 2, 3),
       ('Use solar panels to generate electricity', 'Description', 'Item', 2, 4),
       ('Drive an electric car', 'Description', 'Item', 2, 5),
       ('Buy second-hand things', 'Description', 'Item', 2, 6),
       ('Use a reusable shopping bag', 'Description', 'Item', 2, 7),
       ('Use your coffee cup instead of disposable cups', 'Description', 'Item', 2, 8),
       ('Use reusable batteries', 'Description', 'Item', 2, 9),
       ('Pay bills online', 'Description', 'Item', 2, 10),
       ('Buy goods without packing', 'Description', 'Item', 2, 11),
       ('Buy\make natural products for cleaning ', 'Description', 'Item', 2, 12),
       ('Buy local products', 'Description', 'Item', 2, 13),
       ('Walk instead of using public transport or car', 'Description', 'Item', 2, 14),
       ('Use bicycle', 'Description', 'Item', 2, 15),
       ('Use water sparingly when brushing your teeth', 'Description', 'Item', 2, 16),
       ('Take a shower instead of a bath', 'Description', 'Item', 2, 17),
       ('Recycle batteries', 'Description', 'Item', 2, 18),
       ('Turn off the lights as you leave the room', 'Description', 'Item', 2, 19),
       ('Do not eat meat', 'Description', 'Item', 2, 20),
       ('Buy products \goods in recyclable packaging', 'Description', 'Item', 2, 21),
       ('Do not use a plastic straw', 'Description', 'Item', 2, 22),
       ('Carry food to work in your lunchbox', 'Description', 'Item', 2, 23),
       ('Use LED lamps', 'Description', 'Item', 2, 24),
       ('Sorting out rubbish', 'Description', 'Item', 2, 25),
       ('Use both sides of the paper for notes or drawing', 'Description', 'Item', 2, 26),
       ('Eat seasonal vegetables and fruits', 'Description', 'Item', 2, 27),
       ('Do not use disposable packages', 'Description', 'Item', 2, 28),
       ('Compost organic waste', 'Description', 'Item', 2, 29),
       ('Do not use one-time personal hygiene products', 'Description', 'Item', 2, 30),
       ('Women''s hygiene products', 'Description', 'Item', 2, 31),
       ('Замість паперових рушників та серветок використовуйте рушник', 'Description', 'Item', 1, 1),
       ('Используйте полотенце вместо бумажных полотенец и салфеток', 'Description', 'Item', 3, 1),
       ('Використовуйте багаторазову пляшку з водою', 'Description', 'Item', 1, 2),
       ('Используйте многоразовую бутылку с водой', 'Description', 'Item', 3, 2),
       ('Використовуйте електронний пристрій для читання замість паперової книги', 'Description', 'Item', 1, 3),
       ('Используйте электронную книгу вместо бумажной книги', 'Description', 'Item', 3, 3),
       ('Використовуйте сонячні панелі для виробництва електроенергії', 'Description', 'Item', 1, 4),
       ('Используйте солнечные батареи для выработки электроэнергии', 'Description', 'Item', 3, 4),
       ('Використовуйте електромобілем', 'Description', 'Item', 1, 5),
       ('Используйте электромобилем', 'Description', 'Item', 3, 5),
       ('Купуйте б/у речі', 'Description', 'Item', 1, 6),
       ('Покупайте подержанные вещи', 'Description', 'Item', 3, 6),
       ('Використовуйте багаторазову сумку для покупок', 'Description', 'Item', 1, 7),
       ('Используйте многоразовую сумку для покупок', 'Description', 'Item', 3, 7),
       ('Використовуйте свою чашку для кави замість одноразових чашок', 'Description', 'Item', 1, 8),
       ('Используйте свою кофейную чашку вместо одноразовых чашек', 'Description', 'Item', 3, 8),
       ('Використовуйте багаторазові акумулятори', 'Description', 'Item', 1, 9),
       ('Используйте многоразовые батареи', 'Description', 'Item', 3, 9),
       ('Оплачуйте рахунки онлайн', 'Description', 'Item', 1, 10),
       ('Оплачивайте счета онлайн', 'Description', 'Item', 3, 10),
       ('Купуйте товари без упаковки', 'Description', 'Item', 1, 11),
       ('Покуапйте товары без упаковки', 'Description', 'Item', 3, 11),
       ('Купуйте \ робіть натуральні засоби для чищення', 'Description', 'Item', 1, 12),
       ('Купите \ сделайте натуральные средства для уборки', 'Description', 'Item', 3, 12),
       ('Купуйте місцеві продукти', 'Description', 'Item', 1, 13),
       ('Покупайте местные продукты', 'Description', 'Item', 3, 13),
       ('Ходіть пішки замість того, щоб користуватися громадським транспортом або автомобілем', 'Description', 'Item', 1, 14),
       ('Ходите вместо того, чтобы пользоваться общественным транспортом или автомобилем', 'Description', 'Item', 3, 14),
       ('Використовуйте велосипед', 'Description', 'Item', 1, 15),
       ('Используйте велосипед', 'Description', 'Item', 3, 15),
       ('Економте воду при чищенні зубів', 'Description', 'Item', 1, 16),
       ('При чистке зубов используйте воду экономно', 'Description', 'Item', 3, 16),
       ('Приймайте душ замість ванни', 'Description', 'Item', 1, 17),
       ('Принимайте душ вместо ванны', 'Description', 'Item', 3, 17),
       ('Утилізуйте акумулятори', 'Description', 'Item', 1, 18),
       ('Утилизируйте аккумуляторы', 'Description', 'Item', 3, 18),
       ('Вимикайте світло, виходячи з кімнати', 'Description', 'Item', 1, 19),
       ('Выключайте свет, когда выходите из комнаты', 'Description', 'Item', 3, 19),
       ('Не їжте м’яса', 'Description', 'Item', 1, 20),
       ('Не ешьте мясо', 'Description', 'Item', 3, 20),
       ('Купуйте продукти \ товари в упаковці, що переробляється', 'Description', 'Item', 1, 21),
       ('Покупайте продукты \ товары в перерабатываемой упаковке', 'Description', 'Item', 3, 21),
       ('Не використовуйте пластикову соломинку', 'Description', 'Item', 1, 22),
       ('Не используйте пластиковую соломинку', 'Description', 'Item', 3, 22),
       ('Несіть їжу на роботу у ланч-боксі', 'Description', 'Item', 1, 23),
       ('Носите еду на работу в коробке для завтрака', 'Description', 'Item', 3, 23),
       ('Використовуйте світлодіодні лампи', 'Description', 'Item', 1, 24),
       ('Используйте светодиодные лампы', 'Description', 'Item', 3, 24),
       ('Сортуйте сміття', 'Description', 'Item', 1, 25),
       ('Сортируйте мусор', 'Description', 'Item', 3, 25),
       ('Використовуйте обидві сторони паперу для нотаток або малювання', 'Description', 'Item', 1, 26),
       ('Используйте обе стороны листа для заметок или рисования.', 'Description', 'Item', 3, 26),
       ('Їжте сезонні овочі та фрукти', 'Description', 'Item', 1, 27),
       ('Ешьте сезонные овощи и фрукты', 'Description', 'Item', 3, 27),
       ('Не використовуйте одноразові пакети', 'Description', 'Item', 1, 28),
       ('Не используйте одноразовые упаковки', 'Description', 'Item', 3, 28),
       ('Компостуйте органічні відходи', 'Description', 'Item', 1, 29),
       ('Компостируйте органические отходы', 'Description', 'Item', 3, 29),
       ('Не використовуйте одноразові засоби особистої гігієни', 'Description', 'Item', 1, 30),
       ('Не используйте одноразовые средства личной гигиены', 'Description', 'Item', 3, 30),
       ('Товари для жіночої гігієни', 'Description', 'Item', 1, 31),
       ('Товары женской гигиены', 'Description', 'Item', 3, 31);

INSERT INTO habit_assign (habit_id, user_id, status, create_date, duration)
VALUES (1, 1, 'ACQUIRED', '2020-09-10 20:00:00', 14),
       (1, 2, 'ACQUIRED', '2020-09-10 20:00:00', 14),
       (1, 3, 'INPROGRESS', '2020-09-10 20:00:00', 14),
       (1, 4, 'INPROGRESS', '2020-09-10 20:00:00', 14),
       (1, 5, 'CANCELLED', '2020-09-10 20:00:00', 14),
       (1, 6, 'CANCELLED', '2020-09-10 20:00:00', 14),
       (1, 7, 'EXPIRED', '2020-09-10 20:00:00', 14)
;

INSERT INTO habit_statistics (rate, create_date, amount_of_items, habit_assign_id)
VALUES ('GOOD', '2020-09-10 20:00:00', 5, 1);


INSERT INTO habit_status_calendar (enroll_date, habit_assign_id)
VALUES ('2020-09-10', 1);
-- HABITS END --

INSERT INTO news_subscribers (email_address, unsubscribe_token)
VALUES ('majboroda.artur@mail.com', 'a06b0b4e-8696-419c-a776-611c36f79d39'),
       ('komarov.eduard@mail.com', 'pWGIcOYIbvZiHNcPG68NHiTcofV1kk5FvWah'),
       ('oleksiv.shamil@mail.com', 'pdaTEKlxUrvo0riNtA5BNvCEKReEa4EZagks'),
       ('irshov.grugorij@mail.com', '5zHqn2tdGNdJcYjrva4t2QPkMdRFT8l08MRV'),
       ('liakh.roman@mail.com', 'oDXVDh8OLe1FP54UmsUfQrf2GM2ixbxLrHWf'),
       ('miasnuk.ihor@mail.com', 'IF7PgvPerJVyJfc9bCBx1VGeSV6yiZe3yY6U'),
       ('efimov.ivan@mail.com', 'XenutRA9yZdU7TiNV0ZiwnVzLdGqimiB9ND8'),
       ('pochynok.petro@mail.com', 'dbjhgbNdQxJKkhBlc7lbrq8CSCOm2GFjIbFb'),
       ('serdyuk.orest@mail.com', '9I0hlPphve3uZXXU2nZO3cejdM3p0tKVN4aW'),
       ('shevtsov.oleksiy@mail.com', 'zweNp5Vxde2kPzIS0T1qSnzB7E5GTtO6OiNA'),
       ('shumilo.yan@mail.com', 'DHkLXwmvDfN7MsOmEZPWAHdHoZp8JgvDCbdm'),
       ('volianskiy.ihor@mail.com', 'f1rO4XcGPvGBN1AECNfqwdNdT5j9mGGa4arF'),
       ('tsal.vitaliy@mail.com', 'utntxJQEGdpGcUmlao4CmiFybBrUulCtPTwo'),
       ('tarasyuk.danylo@mail.com', 'f32YU9TDLLP5QtOYYYWVc1bGrxCbFxWIpZeX'),
       ('spilberg.marian@mail.com', 'IC00aKlv3o7pqcADMbCtCd32L9xnHA80S3rM'),
       ('sirko.ivan@mail.com', 'UmbefZkurK9qabZ3cchOoHfbsJ8YpXIMVAwo'),
       ('samsonov.rafael@mail.com', 'Tpm35L1Fcv3jrAe5ZQLUGeoi1889eMf7V7kd'),
       ('bytko.makar@mail.com', 'pZ8YbdKLheKFBgcUXGPO9uqpt4B2OLifuEl0');

INSERT INTO opening_hours (close_time, open_time, week_day, place_id)
VALUES ('20:00:00', '06:00:00', 0, 1),
       ('20:00:00', '06:00:00', 1, 1),
       ('20:00:00', '06:00:00', 2, 1),
       ('20:00:00', '06:00:00', 3, 1),
       ('20:00:00', '06:00:00', 4, 1),

       ('20:00:00', '06:00:00', 0, 2),
       ('20:00:00', '06:00:00', 1, 2),
       ('20:00:00', '06:00:00', 2, 2),
       ('20:00:00', '06:00:00', 3, 2),
       ('20:00:00', '06:00:00', 4, 2),

       ('20:00:00', '06:00:00', 0, 3),
       ('20:00:00', '06:00:00', 1, 3),
       ('20:00:00', '06:00:00', 2, 3),
       ('20:00:00', '06:00:00', 3, 3),
       ('20:00:00', '06:00:00', 4, 3),

       ('20:00:00', '06:00:00', 0, 4),
       ('20:00:00', '06:00:00', 1, 4),
       ('20:00:00', '06:00:00', 2, 4),
       ('20:00:00', '06:00:00', 3, 4),
       ('20:00:00', '06:00:00', 4, 4),

       ('20:00:00', '06:00:00', 0, 5),
       ('20:00:00', '06:00:00', 1, 5),
       ('20:00:00', '06:00:00', 2, 5),
       ('20:00:00', '06:00:00', 3, 5),
       ('20:00:00', '06:00:00', 4, 5),

       ('20:00:00', '06:00:00', 0, 6),
       ('20:00:00', '06:00:00', 1, 6),
       ('20:00:00', '06:00:00', 2, 6),
       ('20:00:00', '06:00:00', 3, 6),
       ('20:00:00', '06:00:00', 4, 6),

       ('20:00:00', '06:00:00', 0, 7),
       ('20:00:00', '06:00:00', 1, 7),
       ('20:00:00', '06:00:00', 2, 7),
       ('20:00:00', '06:00:00', 3, 7),
       ('20:00:00', '06:00:00', 4, 7),

       ('20:00:00', '06:00:00', 0, 8),
       ('20:00:00', '06:00:00', 1, 8),
       ('20:00:00', '06:00:00', 2, 8),
       ('20:00:00', '06:00:00', 3, 8),
       ('20:00:00', '06:00:00', 4, 8),

       ('20:00:00', '06:00:00', 0, 9),
       ('20:00:00', '06:00:00', 1, 9),
       ('20:00:00', '06:00:00', 2, 9),
       ('20:00:00', '06:00:00', 3, 9),
       ('20:00:00', '06:00:00', 4, 9),

       ('20:00:00', '06:00:00', 0, 10),
       ('20:00:00', '06:00:00', 1, 10),
       ('20:00:00', '06:00:00', 2, 10),
       ('20:00:00', '06:00:00', 3, 10),
       ('20:00:00', '06:00:00', 4, 10);

INSERT INTO social_network_images (image_path, host_path)
VALUES ('https://storage.cloud.google.com/staging.greencity-c5a3a.appspot.com/2dbb72fd-310a-4f99-8b2a-67e31dedd7e9', 'www.facebook.com'),
       ('https://storage.cloud.google.com/staging.greencity-c5a3a.appspot.com/b043bbaa-044c-4df7-bf48-823114b4ec40', 'www.google.com'),
       ('https://storage.cloud.google.com/staging.greencity-c5a3a.appspot.com/ad823c72-9015-4cd9-8b52-e09c8a6aaf5b', 'instagram.com');

INSERT INTO social_networks (user_id, social_network_url, social_network_image_id)
VALUES (1, 'https://www.facebook.com/greencitysocialproject1', 2),
       (2, 'https://www.facebook.com/greencitysocialproject1', 2),
       (5, 'https://www.facebook.com/greencitysocialproject1', 2),
       (6, 'https://www.facebook.com/greencitysocialproject1', 2),
       (9, 'https://www.facebook.com/greencitysocialproject1', 2),
       (12, 'https://www.facebook.com/greencitysocialproject1', 2);

INSERT INTO tips_and_tricks (creation_date, author_id, image_path, source)
VALUES ('2020-09-10 20:00:00', 1, 'ImagePath', 'https://sweetsimplevegan.com/2019/04/25-ways-to-reduce-waste/'),
       ('2020-09-10 20:00:00', 2, 'ImagePath', 'https://sweetsimplevegan.com/2019/04/25-ways-to-reduce-waste/'),
       ('2020-09-10 20:00:00', 3, 'ImagePath', 'https://sweetsimplevegan.com/2019/04/25-ways-to-reduce-waste/'),
       ('2020-09-10 20:00:00', 4, 'ImagePath', 'https://sweetsimplevegan.com/2019/04/25-ways-to-reduce-waste/'),
       ('2020-09-10 20:00:00', 5, 'ImagePath', 'https://sweetsimplevegan.com/2019/04/25-ways-to-reduce-waste/'),
       ('2020-09-10 20:00:00', 6, 'ImagePath', 'https://sweetsimplevegan.com/2019/04/25-ways-to-reduce-waste/');


INSERT INTO title_translations(content, tips_and_tricks_id, language_id)
VALUES ('Не забирайте додому зайвий мотлох', 1, 1),
       ('Don''t take home any unnecessary trash or junk', 1, 2),
       ('Не забирайте домой ненужный хлам', 1, 3),
       ('Без паперу', 2, 1),
       ('Go paperless', 2, 2),
       ('Без бумаги', 2, 3),
       ('Спробуйте відмовитись від небажаної пошти', 3, 1),
       ('Try to refuse junk mail', 3, 2),
       ('Попробуйте отказаться от нежелательной почты', 3, 3),
       ('Скажіть «ні» поліетиленовим пакетам для продуктів, а замість них принесіть свій', 4, 1),
       ('Say no to plastic bags for groceries or produce and bring your own instead', 4, 2),
       ('Скажите нет пластиковым пакетам для продуктов и вместо этого принесите свои', 4, 3),
       ('Інвестуйте в предмети вищої якості', 5, 1),
       ('Invest in higher quality items', 5, 2),
       ('Инвестируйте в предметы более высокого качества', 5, 3),
       ('Використовуйте кухонні рушники замість паперових', 6, 1),
       ('Use kitchen towels instead of paper towels', 6, 2),
       ('Используйте кухонные полотенца вместо бумажных.', 6, 3);

INSERT INTO text_translations(content, tips_and_tricks_id, language_id)
VALUES('Якщо ви хочете листівку чи візитну картку, краще сфотографуйте, аніж беріть її додому. Це особливо актуально на концертах та прогулянках, де вони роздіються безкоштовно.', 1, 1),
      ('If you want a flyer or business card, take a photo rather than taking it home. This is especially relevant at concerts and outings where freebies are being passed out.', 1, 2),
      ('Если вам нужен флаер или визитка, сделайте снимок, а не забирайте его домой. Это особенно актуально на концертах и прогулках, где их раздают бессплатно.', 1, 3),
      ('Ми знаємо, що це може бути складним завданням, але вибір гарячих видань, книг в Інтернеті, або навіть оренда в бібліотеці або позичання у друга має велике значення.', 2, 1),
      ('We know this can be a challenge, but opting for kindles, online books, or even renting from the library or borrowing from a friend makes a huge difference.', 2, 2),
      ('Мы знаем, что это может быть проблемой, но выбор гарячих изданий, онлайн-книг или даже аренда в библиотеке или заимствование у друга имеет огромное значение.', 2, 3),
      ('Епідемія небажаної пошти справжня. Ми завжди закінчуємо її переробкою, але ми з’ясували, що є кращий варіант.', 3, 1),
      ('The junk mail epidemic is real. We always end up recycling it, but we found out there is a better option.', 3, 2),
      ('Эпидемия нежелательной почты реальна. Мы всегда заканчиваем ее переработкой, но мы обнаружили, что есть лучший вариант.', 3, 3),
      ('Пам’ятайте, вам не потрібно використовувати виробничі пакети. Ви можете придбати багаторазові пакети спеціально для продуктів.', 4, 1),
      ('Remember, you don’t need to use v. You can purchase reusable bags specifically for produce.', 4, 2),
      ('Помните, что пакеты для продуктов использовать не обязательно. Вы можете приобрести многоразовые пакеты специально для продуктов.', 4, 3),
      ('Предмети вищої якості в довгостроковій перспективі прослужать довше і заощадять ваші гроші.', 5, 1),
      ('Higher quality items will last longer in the long run and will save you money.', 5, 2),
      ('Вещи более высокого качества прослужат дольше и сэкономят вам деньги.', 5, 3),
      ('Ця проста заміна може мати величезний вплив, і це те, що ви можете почати робити прямо зараз.', 6, 1),
      ('This simple switch can have a huge impact and it’s something you can start doing right now.', 6, 2),
      ('Эта простая замена может иметь огромное влияние, и вы можете начать делать это прямо сейчас.', 6, 3);


INSERT INTO tips_and_tricks_tags (tips_and_tricks_id, tags_id)
VALUES (1, 6),
       (1, 8),
       (1, 10),
       (2, 8),
       (3, 6),
       (3, 7),
       (4, 3),
       (5, 3),
       (6, 3);


INSERT INTO tipsandtricks_comment (text, created_date, modified_date, parent_comment_id, user_id, tips_and_tricks_id, deleted)
VALUES ('Чудово. Візьму на замітку.', '2020-09-10 20:00:00', '2020-09-10 20:01:00', null, 1, 1, false),
       ('Досить інтересно.', '2020-09-10 20:00:00', '2020-09-10 20:01:00', null, 2, 2, false),
       ('Ніколи і не задумувався про це.', '2020-09-10 20:00:00', '2020-09-10 20:01:00', null, 3, 3, false),
       ('Достатньо переконуюча порада.', '2020-09-10 20:00:00', '2020-09-10 20:01:00', null, 4, 4, false),
       ('Хм, а це і правда має сенс.', '2020-09-10 20:00:00', '2020-09-10 20:01:00', null, 5, 5, false),
       ('Цілком згіден.', '2020-09-10 20:00:00', '2020-09-10 20:01:00', null, 6, 6, false);

INSERT INTO tipsandtricks_comment_users_liked (tipsandtricks_comment_id, users_liked_id)
VALUES (1, 1),
       (1, 1),
       (2, 5),
       (2, 1),
       (3, 7),
       (4, 1),
       (5, 2);

INSERT INTO shopping_list_items(id)
VALUES (1),
       (2),
       (3),
       (4),
       (5),
       (6),
       (7),
       (8),
       (9),
       (10),
       (11),
       (12),
       (13),
       (14),
       (15),
       (16),
       (17),
       (18),
       (19),
       (20),
       (21),
       (22),
       (23),
       (24),
       (25),
       (26),
       (27),
       (28),
       (29),
       (30),
       (31),
       (32),
       (33),
       (34),
       (35),
       (36),
       (37),
       (38),
       (39),
       (40),
       (41),
       (42),
       (43),
       (44),
       (45),
       (46),
       (47),
       (48),
       (49),
       (50),
       (51),
       (52),
       (53),
       (54),
       (55),
       (56),
       (57),
       (58),
       (59),
       (60),
       (61),
       (62),
       (63),
       (64),
       (65),
       (66),
       (67),
       (68),
       (69),
       (70),
       (71),
       (72),
       (73),
       (74),
       (75),
       (76),
       (77),
       (78),
       (79),
       (80),
       (81),
       (82),
       (83),
       (84),
       (85),
       (86),
       (87),
       (88),
       (89),
       (90),
       (91),
       (92),
       (93),
       (94),
       (95),
       (96),
       (97),
       (98),
       (99),
       (100),
       (101),
       (102),
       (103),
       (104),
       (105),
       (106),
       (107),
       (108),
       (109),
       (110),
       (111),
       (112),
       (113),
       (114),
       (115),
       (116),
       (117),
       (118),
       (119),
       (120),
       (121),
       (122),
       (123),
       (124),
       (125),
       (126),
       (127),
       (128),
       (129),
       (130),
       (131),
       (132),
       (133),
       (134),
       (135),
       (136),
       (137),
       (138),
       (139),
       (140),
       (141),
       (142),
       (143),
       (144);

INSERT INTO shopping_list_item_translations(content, shopping_list_item_id, language_id)
VALUES ('Серветки целюлозні', 1, 1),
       ('Swedish cellulose dish cloths', 1, 2),
       ('Салфетки целлюлозные влоговпитывающие', 1, 3),
       ('Багаторазові бамбукові рушники ', 2, 1),
       ('Reusable bamboo paper towels', 2, 2),
       ('Многоразовые бамбуковые полотенца', 2, 3),
       ('Багаторазові біорозкладні паперові рушники', 3, 1),
       ('Wowables reusable & biodegradable paper towel', 3, 2),
       ('Многоразовые биоразлагаемые бумажные полотенца', 3, 3),
       ('Серветки з мікрофібри', 4, 1),
       ('Microfiber cloths', 4, 2),
       ('Салфетки из микрофибры', 4, 3),
       ('Бамбукові кухонні серветки', 5, 1),
       ('Bamboo kitchen dish cloths', 5, 2),
       ('Бамбуковые полотенца для кухни', 5, 3),
       ('Бавовняні серветки / скатертини', 6, 1),
       ('Cotton napkins', 6, 2),
       ('Хлопковые салфетки и скатерти', 6, 3),
       ('Багаторазові вощені обгортки (серветки)', 7, 1),
       ('Reusable beeswax wrap', 7, 2),
       ('Многоразовая пищевая обертка из пчелиного воска', 7, 3),
       ('Ллянні коктейльні серветки', 8, 1),
       ('Linen cocktail napkins', 8, 2),
       ('Коктейльные льняные салфетки', 8, 3),
       ('Повсякденні бавовняні серветки', 9, 1),
       ('Everyday cotton napkins', 9, 2),
       ('Повседневные хлопковые салфетки', 9, 3),
       ('Кухонні рушники з органічної бавовни', 10, 1),
       ('Organic Cotton Dish Towels', 10, 2),
       ('Кухонные полотенца из органического хлопка', 10, 3),
       ('Пляшка для води з нержавіючої сталі', 11, 1),
       ('Reusable stainless steel water bottle', 11, 2),
       ('Бутылка для воды из нержавеющей стали', 11, 3),
       ('Скляна пляшка для води', 12, 1),
       ('Reusable glass water bottle', 12, 2),
       ('Стеклянная бутылка для воды', 12, 3),
       ('Складна силіконова пляшка для води', 13, 1),
       ('Collapsible Silicone Water Bottle', 13, 2),
       ('Складная силиконовая бутылка для воды', 13, 3),
       ('Пляшка для води з фільтром (фільтр-пляшка для води)', 14, 1),
       ('Water Filter Bottle', 14, 2),
       ('Бутылка для воды с фильтром', 14, 3),
       ('Плоска пляшка для води', 15, 1),
       ('Flat reusable bottle', 15, 2),
       ('Плоская бутылка для воды', 15, 3),
       ('Пляшка для води з соломинкою', 16, 1),
       ('Watter bottle with a straw', 16, 2),
       ('Бутылка для воды с трубочкой', 16, 3),
       ('Електронна книга', 17, 1),
       ('E-reader', 17, 2),
       ('Электронная книга', 17, 3),
       ('Сонячна батарея', 18, 1),
       ('Solar panels', 18, 2),
       ('Солнечная батарея', 18, 3),
       ('Купити електрокар', 19, 1),
       ('Buy an electric car', 19, 2),
       ('Купить электрокар', 19, 3),
       ('Взяти в оренду електрокар', 20, 1),
       ('Rent an electric car', 20, 2),
       ('Взять электрокар на прокат', 20, 3),
       ('Немає товарів для рекомендації', 21, 1),
       ('No items to recommend', 21, 2),
       ('Нет товаров для рекомендации', 21, 3),
       ('Бавовняна сумка для покупок', 22, 1),
       ('Cotton shopping bag', 22, 2),
       ('Сумка для покупок из хлопка', 22, 3),
       ('Нейлонова сумка для покупок', 23, 1),
       ('Nylon shopping bag', 23, 2),
       ('Нейлоновая сумка для покупок', 23, 3),
       ('Термосумка для покупок', 24, 1),
       ('Insulated hot&cold bag', 24, 2),
       ('Термосумка для покупок', 24, 3),
       ('Плетена сумка', 25, 1),
       ('Mesh string bag', 25, 2),
       ('Сетчаная сумка', 25, 3),
       ('Ламінована сумка-шопер', 26, 1),
       ('Bag from laminated material', 26, 2),
       ('Ламинированная сумка-шопер', 26, 3),
       ('Сумка для продуктового візка', 27, 1),
       ('Bag for grocery cart', 27, 2),
       ('Сумка для продуктовой тележки', 27, 3),
       ('Сумка візок', 28, 1),
       ('Shopping trolley bag', 28, 2),
       ('Сумка тележка', 28, 3),
       ('Лляний мішечок для хліба', 29, 1),
       ('Linen bread bags', 29, 2),
       ('Льняной мешочек для хранения хлеба', 29, 3),
       ('Багаторазова чашка із нержавіючої сталі', 30, 1),
       ('Reusable stainless steel cup', 30, 2),
       ('Многоразовая чашка из нержавеющей стали', 30, 3),
       ('Багаторазова скляна чашка', 31, 1),
       ('Reusable glass cup', 31, 2),
       ('Многоразовая стеклянная чашка', 31, 3),
       ('Складна силіконова чашка', 32, 1),
       ('Collapsible Silicone cup', 32, 2),
       ('Складная силиконовая чашка', 32, 3),
       ('Керамічна чашка', 33, 1),
       ('Ceramic coffee cup', 33, 2),
       ('Керамическая чашка', 33, 3),
       ('Багаторазова бамбукова чашка', 34, 1),
       ('Bamboo reusable cup', 34, 2),
       ('Многоразовая бамбуковая чашка', 34, 3),
       ('Чашка із соломинкою', 35, 1),
       ('Cup with a straw', 35, 2),
       ('Чашка с трубочкой', 35, 3),
       ('Нікель-кадмієві акумулятори', 36, 1),
       ('Nickel cadmium batteries', 36, 2),
       ('Никель-кадмиевые аккумуляторы', 36, 3),
       ('Нікель-метал-гідридний акумулятор', 37, 1),
       ('Nickel metal hydride batteries', 37, 2),
       ('Никель-металлогидридный аккумулятор', 37, 3),
       ('Літій-іонний акумулятор', 38, 1),
       ('Lithium ion batteries', 38, 2),
       ('Литий-ионный аккумулятор', 38, 3),
       ('Свинцево-кислотний акумулятор', 39, 1),
       ('Sealed lead acid batteries', 39, 2),
       ('Свинцово-кислотный аккумулятор', 39, 3),
       ('Додаток (програма) для здійснення оплати онлайн', 40, 1),
       ('Application for payment (buy / download)', 40, 2),
       ('Приложение для проведения онлайн оплат', 40, 3),
       ('Мішечки для фруктів та овочів', 41, 1),
       ('Cotton bags for fruits and vegetables', 41, 2),
       ('Мешочки для фруктов и овощей', 41, 3),
       ('Харчові контейнери з нержавійки', 42, 1),
       ('Reuse stainless steel containers', 42, 2),
       ('Пищевые контейнеры из нержавейки', 42, 3),
       ('Скляні харчові контейнери', 43, 1),
       ('Reuse glass containers', 43, 2),
       ('Стеклянные пищевые контейнеры', 43, 3),
       ('Силіконові харчові контейнери', 44, 1),
       ('Reuse silicone containers', 44, 2),
       ('Силиконовые пищевые контейнеры', 44, 3),
       ('Багаторазові пакети для бутербродів', 45, 1),
       ('Reusable sandwich and snack bags', 45, 2),
       ('Многоразовые пакеты для бутербродов', 45, 3),
       ('Харчова сода', 46, 1),
       ('Baking Soda', 46, 2),
       ('Пищевая сода', 46, 3),
       ('Білий дистильований оцет', 47, 1),
       ('Distilled White Vinegar', 47, 2),
       ('Дистиллированный белый уксус', 47, 3),
       ('Перекис водню', 48, 1),
       ('Hydrogen Peroxide', 48, 2),
       ('Пероксид водорода', 48, 3),
       ('Бавовняні кульки', 49, 1),
       ('Cotton Balls', 49, 2),
       ('Хлопковые шарики', 49, 3),
       ('Рідке мило', 50, 1),
       ('Liquid Dish Soap', 50, 2),
       ('Жидкое мыло', 50, 3),
       ('Сіль', 51, 1),
       ('Salt', 51, 2),
       ('Соль', 51, 3),
       ('Лимон', 52, 1),
       ('Lemon', 52, 2),
       ('Лимон', 52, 3),
       ('Кукурудзяний крохмаль', 53, 1),
       ('Corn Starch', 53, 2),
       ('Кукурузный крахмал', 53, 3),
       ('Олія чайного дерева', 54, 1),
       ('Tea Tree Oil', 54, 2),
       ('Масло чайного дерева', 54, 3),
       ('Найлонова щітка', 55, 1),
       ('Nylon Scrub Brush', 55, 2),
       ('Нейлоновая щетка', 55, 3),
       ('Обприскувач', 56, 1),
       ('Spray Bottles', 56, 2),
       ('Опрыскиватель', 56, 3),
       ('Пемза', 57, 1),
       ('Pumice Stone', 57, 2),
       ('Пемза', 57, 3),
       ('Серветки з мікрофібри', 58, 1),
       ('Microfiber Cleaning Cloths and other cloths', 58, 2),
       ('Салфетки из микрофибры', 58, 3),
       ('Меламінова губка', 59, 1),
       ('Melamine sponge', 59, 2),
       ('Меламиновая губка', 59, 3),
       ('Одяг з відбивачами', 60, 1),
       ('Clothes with reflectors', 60, 2),
       ('Одежда со светоотражателями', 60, 3),
       ('Взуття для прогулянок', 61, 1),
       ('Shoes for walking', 61, 2),
       ('Обувь для прогулок', 61, 3),
       ('Дихаючі шкарпетки', 62, 1),
       ('Breathable socks', 62, 2),
       ('Дышащие носки', 62, 3),
       ('Дощовик', 63, 1),
       ('Rain coat', 63, 2),
       ('Дождевик', 63, 3),
       ('Наплічник складаний', 64, 1),
       ('Backpack / convertible backpack', 64, 2),
       ('Рюкзак (трансформируемый рюкзак)', 64, 3),
       ('пристрій або додаток для фітнесу', 65, 1),
       ('Fitness tracking device or application', 65, 2),
       ('Фитнес устройство или приложение', 65, 3),
       ('Устілки для ходьби', 66, 1),
       ('Walking insoles', 66, 2),
       ('Стельки для ходьбы', 66, 3),
       ('Велосипедний шолом', 67, 1),
       ('Bicycle helmet', 67, 2),
       ('Велосипедный шлем', 67, 3),
       ('Чохол-дощовик для сідла', 68, 1),
       ('Saddle rain cover', 68, 2),
       ('Чехол-дождевик для седла', 68, 3),
       ('Чохол для велосипеда', 69, 1),
       ('Bicycle cover', 69, 2),
       ('Чехол для велосипеда', 69, 3),
       ('Велокорзина', 70, 1),
       ('Bag / cart for baggage', 70, 2),
       ('Велокорзина', 70, 3),
       ('Світловідбивачі', 71, 1),
       ('Reflectors', 71, 2),
       ('Светоотражатели', 71, 3),
       ('Велофари, мигалки', 72, 1),
       ('Bike lights', 72, 2),
       ('Велосипедные фары, мигалки', 72, 3),
       ('Чашка', 73, 1),
       ('Reusable cup', 73, 2),
       ('Чашка', 73, 3),
       ('Клапан для зниження тиску', 74, 1),
       ('Pressure-reducing valve', 74, 2),
       ('Клапан для снижения давления', 74, 3),
       ('Змішувач для зниження тиску', 75, 1),
       ('Water-saving faucets', 75, 2),
       ('Смеситель для снижения давления', 75, 3),
       ('Водозберігаюча насадка для душу', 76, 1),
       ('Water saving shower head', 76, 2),
       ('Водосберегающая насадка для душа', 76, 3),
       ('Еко гель для душу', 77, 1),
       ('Eco shovel gel', 77, 2),
       ('Эко гель для душа', 77, 3),
       ('Рушник для ванни', 78, 1),
       ('Bath towel', 78, 2),
       ('Банное полотенце', 78, 3),
       ('Додаток із пунктами прийому або утилізації батарейок', 79, 1),
       ('Application with recycle places', 79, 2),
       ('Приложение с пунктами приема или утилизации батареек', 79, 3),
       ('Контейнери для батарейок', 80, 1),
       ('Containers for batteries', 80, 2),
       ('Контейнеры для батареек', 80, 3),
       ('Додаток для контролю за світлом', 81, 1),
       ('Home app to control lights', 81, 2),
       ('Приложение по управлению света', 81, 3),
       ('Акустичний вимикач світла', 82, 1),
       ('Clapper (lights switcher on claps)', 82, 2),
       ('Аккустический выключатель света по хлопку', 82, 3),
       ('Енергоощадні лампочки', 83, 1),
       ('Energy saving light bulb - diff.types', 83, 2),
       ('Энергоосберегающие лампочки', 83, 3),
       ('Розумний сенсорний вимикач', 84, 1),
       ('Smart touch switcher', 84, 2),
       ('Умный сенсорный выключатель', 84, 3),
       ('Контролер розумного будинку', 85, 1),
       ('Smart home controller', 85, 2),
       ('Контроллер умного дома', 85, 3),
       ('Зернобобові: боби, горошок і тд', 86, 1),
       ('Pulses: beans and peas', 86, 2),
       ('Зернобобовые: бобы, горошок и др.', 86, 3),
       ('Яйця', 87, 1),
       ('Eggs', 87, 2),
       ('Яйца', 87, 3),
       ('Кіноа', 88, 1),
       ('Quinoa', 88, 2),
       ('Киноа', 88, 3),
       ('Знежирені молочні продукти', 89, 1),
       ('Low fat dairy products', 89, 2),
       ('Снежиренные молочные продукты', 89, 3),
       ('Соєві продукти', 90, 1),
       ('Soy products', 90, 2),
       ('Продукты из сои', 90, 3),
       ('Горіхи та насіння', 91, 1),
       ('Nuts and seeds', 91, 2),
       ('Орехи и семена', 91, 3),
       ('Тофу', 92, 1),
       ('Tofu', 92, 2),
       ('Тофу', 92, 3),
       ('Темпе - ферментований соєвий продукт', 93, 1),
       ('Tempeh', 93, 2),
       ('Темпе - ферментированный соевый продукт', 93, 3),
       ('Сейтан - пшенична клейковина', 94, 1),
       ('Seitan - пшенична клейковина', 94, 2),
       ('Сейтан - пшеничная клейковина', 94, 3),
       ('Кворн - замінник м''яса', 95, 1),
       ('Quorn', 95, 2),
       ('Кворн', 95, 3),
       ('Риба', 96, 1),
       ('Fish', 96, 2),
       ('Рыба', 96, 3),
       ('Рослинні замінники м''яса', 97, 1),
       ('Beyond meat', 97, 2),
       ('Растительные заменители мяса', 97, 3),
       ('Бамбукові соломинки', 98, 1),
       ('Bamboo Straw', 98, 2),
       ('Бамбуковые трубочки', 98, 3),
       ('Солом''яні соломинки', 99, 1),
       ('Straw by Straw', 99, 2),
       ('Соломенные трубочки', 99, 3),
       ('Паперові соломинки', 100, 1),
       ('Paper Straws', 100, 2),
       ('Бумажные трубочки', 100, 3),
       ('Металеві соломинки', 101, 1),
       ('Steel Straws', 101, 2),
       ('Металические трубочки', 101, 3),
       ('Скляні соломинки', 102, 1),
       ('Glass Straws', 102, 2),
       ('Стеклянные трубочки', 102, 3),
       ('Їстівна соломинки', 103, 1),
       ('Edible straw', 103, 2),
       ('Съедобные трубочки', 103, 3),
       ('Силіконові соломинки', 104, 1),
       ('Silicone straw', 104, 2),
       ('Силиконовые трубочки', 104, 3),
       ('Пляшка із соломинкою', 105, 1),
       ('Water Bottle', 105, 2),
       ('Бутылка с трубочкой', 105, 3),
       ('Багаторазові пакети для сендвічів', 106, 1),
       ('Reusable Cup With Straw', 106, 2),
       ('Многоразовые пакети для сендвичей', 106, 3),
       ('Скляні банки', 107, 1),
       ('Glass Canning Jars', 107, 2),
       ('Стеклянные банки', 107, 3),
       ('Скляні контейнери', 108, 1),
       ('Glass Storage Containers', 108, 2),
       ('Стеклянные контейнери', 108, 3),
       ('Силіконові контейнери', 109, 1),
       ('Silicone Containers', 109, 2),
       ('Силиконовые контейнеры', 109, 3),
       ('Тканинні мішечки для їжі', 110, 1),
       ('Cloth Food Sacks', 110, 2),
       ('Тканевые мешки для еды', 110, 3),
       ('Металеві контейнери з нержавіючої сталі', 111, 1),
       ('Stainless Steel containers', 111, 2),
       ('Металические контейнеры из нержавеющей стали', 111, 3),
       ('Вощені багаторазові серветки', 112, 1),
       ('Beeswax food wrap', 112, 2),
       ('Пищевая пленка из пчелиного воска', 112, 3),
       ('Багаторазова сумка для обідів', 113, 1),
       ('Lunch bag', 113, 2),
       ('Многоразовая сумка для обедов', 113, 3),
       ('Пляшка для води', 114, 1),
       ('Water bottle', 114, 2),
       ('Бутылка для воды', 114, 3),
       ('Бамбуковий контейнер для обідів', 115, 1),
       ('Bamboo lunch pot', 115, 2),
       ('Бамбуковый контейнер для обедов', 115, 3),
       ('Набір столових приборів із бамбуку', 116, 1),
       ('Bamboo utensils set', 116, 2),
       ('Набор столовых приборов из бамбука', 116, 3),
       ('Світлодіодна лампа', 117, 1),
       ('LED lamp', 117, 2),
       ('Светодиодная лампа', 117, 3),
       ('Сміттєзбірник для висувних поверхонь', 118, 1),
       ('Waste systems for pull-out fronts', 118, 2),
       ('Мусоросборник для выдвижных поверхностей', 118, 3),
       ('Сміттєзбірник для відкидних поверхонь', 119, 1),
       ('Waste systems for hinged doors', 119, 2),
       ('Мусоросборник для откидных поверхностей', 119, 3),
       ('Сміттєзбірник двосекційний з педаллю', 120, 1),
       ('Double Recycling Pedal Bin', 120, 2),
       ('Мусоросборник двухсекционный с педалью', 120, 3),
       ('Сміттєзбірник трьохсекційний з педаллю', 121, 1),
       ('3 Section Recycling Pedal Bin', 121, 2),
       ('Мусоросборник трехсекционный с педалью', 121, 3),
       ('Контейнер для сміття з 2 баками', 122, 1),
       ('Totem Waste & Recycling Bins', 122, 2),
       ('Контейнер для мусора с 2 баками', 122, 3),
       ('Контейнер для харчових відходів', 123, 1),
       ('Food Waste Caddy', 123, 2),
       ('Контейнер для пищевых отходов', 123, 3),
       ('Відро для компосту', 124, 1),
       ('Compost bin', 124, 2),
       ('Ведро для компоста', 124, 3),
       ('Контейнер для компосту', 125, 1),
       ('Compost container', 125, 2),
       ('Контейнер для компоста', 125, 3),
       ('Відро для компосту із нержавіючої сталі з вбудованим вугільним фільтром', 126, 1),
       ('Stainless steel compost pail with an carbon filter', 126, 2),
       ('Ведро для компоста из нержавеющей стали с угольным фильтром', 126, 3),
       ('Компостер для саду', 127, 1),
       ('Garden compost bin', 127, 2),
       ('Компостер садовый', 127, 3),
       ('Екологічні пакети для сміття, що компостуються', 128, 1),
       ('Compostable bags', 128, 2),
       ('Компостированные мешки для муссора', 128, 3),
       ('Багаторазова серветка для зняття макіяжу', 129, 1),
       ('Microfiber face and makeup remover cloth', 129, 2),
       ('Многоразовая салфетка для снятия макияжа', 129, 3),
       ('Багаторазові бавовняні диски для очищення обличчя', 130, 1),
       ('Reusable cotton rounds', 130, 2),
       ('Многоразовые хлопковые диски для очищения лица', 130, 3),
       ('Бамбукові ватні палички', 131, 1),
       ('Bamboo cotton swabs', 131, 2),
       ('Бамбуковые ватные палочки', 131, 3),
       ('Бавовняні носові хустинки', 132, 1),
       ('Cotton Handkerchiefs', 132, 2),
       ('Хлопковые носовые платки', 132, 3),
       ('Натуральна морська губка для душу', 133, 1),
       ('Natural sea sponge for a shower', 133, 2),
       ('Натуральная морская мочалка для душа', 133, 3),
       ('Металева бритва', 134, 1),
       ('Metal razors', 134, 2),
       ('Металлическая бритва', 134, 3),
       ('Засоби для догляду власного виробництва (скраб, крем для лиця..)', 135, 1),
       ('Homemade treatments (scrab, face cream..)', 135, 2),
       ('Средства для ухода собственного производства (скраб, крем для лица)', 135, 3),
       ('Бамбукова зубна щітка', 136, 1),
       ('Bamboo toothbrush', 136, 2),
       ('Бамбуковая зубная щетка', 136, 3),
       ('Замінники зубної пасти', 137, 1),
       ('Toothpaste replacement', 137, 2),
       ('Заменители зубной пасты', 137, 3),
       ('Натуральна зубна нитка', 138, 1),
       ('Eco floss', 138, 2),
       ('Натуральная зубная нить', 138, 3),
       ('Натуральний дезодорант', 139, 1),
       ('Natural deodorant', 139, 2),
       ('Натуральный дезодорант', 139, 3),
       ('Ефірні олії замість парфумів', 140, 1),
       ('Essential oils instead of perfumes and frangrances', 140, 2),
       ('Эфирные масла вместо духов', 140, 3),
       ('Менструальна чаша / диск', 141, 1),
       ('Menstrual cup / disk', 141, 2),
       ('Ментсруальная чаша / диск', 141, 3),
       ('Менструальна білизна', 142, 1),
       ('Reusable period panties', 142, 2),
       ('Менструальное белье', 142, 3),
       ('Органічні тампони', 143, 1),
       ('Organic tampons', 143, 2),
       ('Органические тампоны', 143, 3),
       ('Багаторазові прокладки', 144, 1),
       ('Reusable period pads', 144, 2),
       ('Многоразовые прокладки', 144, 3);

INSERT INTO habit_shopping_list_items(habit_id, shopping_list_item_id)
VALUES (1, 1),
       (1, 2),
       (1, 3),
       (1, 4),
       (1, 5),
       (1, 6),
       (1, 7),
       (1, 8),
       (1, 9),
       (1, 10),
       (2, 11),
       (2, 12),
       (2, 13),
       (2, 14),
       (2, 15),
       (2, 16),
       (3, 17),
       (4, 18),
       (5, 19),
       (5, 20),
       (6, 21),
       (7, 22),
       (7, 23),
       (7, 24),
       (7, 25),
       (7, 26),
       (7, 27),
       (7, 28),
       (7, 29),
       (8, 30),
       (8, 31),
       (8, 32),
       (8, 33),
       (8, 34),
       (8, 35),
       (9, 36),
       (9, 37),
       (9, 38),
       (9, 39),
       (10, 40),
       (11, 41),
       (11, 42),
       (11, 43),
       (11, 44),
       (11, 29),
       (11, 45),
       (12, 46),
       (12, 47),
       (12, 48),
       (12, 49),
       (12, 50),
       (12, 51),
       (12, 52),
       (12, 53),
       (12, 54),
       (12, 55),
       (12, 56),
       (12, 57),
       (12, 58),
       (12, 59),
       (13, 21),
       (14, 60),
       (14, 61),
       (14, 62),
       (14, 63),
       (14, 64),
       (14, 65),
       (14, 66),
       (15, 67),
       (15, 68),
       (15, 69),
       (15, 70),
       (15, 71),
       (15, 72),
       (16, 73),
       (16, 74),
       (16, 75),
       (17, 76),
       (17, 77),
       (17, 78),
       (18, 79),
       (18, 80),
       (19, 81),
       (19, 82),
       (19, 83),
       (19, 84),
       (19, 85),
       (20, 86),
       (20, 87),
       (20, 88),
       (20, 89),
       (20, 90),
       (20, 91),
       (20, 92),
       (20, 93),
       (20, 94),
       (20, 95),
       (20, 96),
       (20, 97),
       (21, 41),
       (21, 42),
       (21, 43),
       (21, 44),
       (21, 29),
       (21, 45),
       (22, 98),
       (22, 99),
       (22, 100),
       (22, 101),
       (22, 102),
       (22, 103),
       (22, 104),
       (22, 105),
       (22, 35),
       (23, 106),
       (23, 107),
       (23, 108),
       (23, 109),
       (23, 110),
       (23, 111),
       (23, 112),
       (23, 113),
       (23, 114),
       (23, 115),
       (23, 116),
       (24, 117),
       (25, 118),
       (25, 119),
       (25, 120),
       (25, 121),
       (25, 122),
       (25, 123),
       (26, 21),
       (27, 21),
       (28, 22),
       (28, 24),
       (28, 25),
       (28, 41),
       (28, 42),
       (28, 43),
       (28, 44),
       (28, 29),
       (28, 45),
       (28, 115),
       (28, 11),
       (28, 12),
       (28, 13),
       (28, 14),
       (28, 15),
       (28, 16),
       (29, 124),
       (29, 125),
       (29, 126),
       (29, 127),
       (29, 128),
       (30, 129),
       (30, 130),
       (30, 131),
       (30, 132),
       (30, 133),
       (30, 134),
       (30, 135),
       (30, 136),
       (30, 137),
       (30, 138),
       (30, 139),
       (30, 140),
       (31, 141),
       (31, 142),
       (31, 143),
       (31, 144);

insert into chat_rooms(name,type,participant_id)
values('GreenCity Chat','SYSTEM',1)

insert into chat_rooms_participants (room_id, participant_id)
select 1, users.id  from users
