INSERT INTO users (date_of_registration, email, email_notification, name, last_visit, role, user_status, refresh_token_key, rating, last_activity_time, first_name, city, user_credo, show_location, show_eco_place, show_shopping_list)
VALUES ('2020-09-10 20:00:00', 'majboroda.artur@mail.com', 0, 'artur', '2020-09-10 21:00:00', 0, 2, 'z4hbh12chxb6vg1urh117-btu1wf-9jltmjl', 10, '2020-09-10 21:00:00', 'Artur', 'Lviv', 'Те, що противно природі, до добра ніколи не веде.', true, true, true),
       ('2020-09-10 20:00:00', 'komarov.eduard@mail.com', 0, 'eduard', '2020-09-10 21:00:00', 0, 2, '4u-qx6uyo-k1-6bscsluy3phvhkhvxvul2-3', 20, '2020-09-10 21:00:00', 'Eduard', 'Kyiv', 'Людина і природа - приклад ідеальної гармонії.', true, true, true),
       ('2020-03-10 20:00:00', 'oleksiv.shamil@mail.com', 0, 'shamil', '2020-09-10 21:00:00', 0, 2, '5rrbeueh431wzhhpwso070ci813u678jopzn', 20, '2020-03-10 21:00:00', 'Shamil', 'Dnipro', 'У свою годину своя поезія в природі', true, true, true),
       ('2020-08-10 20:00:00', 'irshov.grugorij@mail.com', 0, 'grugorij', '2020-09-10 21:00:00', 0, 2, 'hluhf7-n-ppl18sws9i-cfnve8dh2w2yzvth', 20, '2020-08-10 21:00:00', 'Grugorij', 'Kyiv', 'Немає нічого більш винахідливого, ніж природа.', true, true, true),
       ('2020-09-10 20:00:00', 'liakh.roman@mail.com', 0, 'roman', '2020-09-10 21:00:00', 0, 2, 'urx64695muw9dv56xefu8tzh-h5lxuj3tt3s', 20, '2020-09-10 21:00:00', 'Roman', 'Lviv', 'Людина не стане паном природи, поки вона не стала паном самого себе', true, true, true),
       ('2020-09-10 20:00:00', 'miasnuk.ihor@mail.com', 0, 'ihor', '2020-09-10 21:00:00', 0, 2, '71-9b3xllh-bhf6tyre9kfrwax1p7f1nrbai', 20, '2020-09-10 21:00:00', 'Ihor', 'Kyiv', 'Шукання цілей в природі має своїм джерелом невігластво.', true, true, true),
       ('2020-06-10 20:00:00', 'efimov.ivan@mail.com', 0, 'ivan', '2020-09-10 21:00:00', 0, 2, 'gfzymgr7smf11pc8ib2g-2xx3w04cc65reqb', 20, '2020-06-10 21:00:00', 'Ivan', 'Dnipro', 'Основним законом природи є збереження людства.', true, true, true),
       ('2020-09-10 20:00:00', 'pochynok.petro@mail.com', 0, 'petro', '2020-09-10 21:00:00', 0, 2, 'ge2k72jqhg4b2qm4wr3hyf9z5gfoes588qpd', 20, '2020-09-10 21:00:00', 'Petro', 'Lviv', 'Найближче до Божества в цьому світі перебуває природа.', true, true, true),
       ('2020-09-10 20:00:00', 'serdyuk.orest@mail.com', 0, 'orest', '2020-09-10 21:00:00', 0, 2, '2lkgps5vmu-kh8eu9tuyvlxyrnerjgics62y', 20, '2020-09-10 21:00:00', 'Orest', 'Kyiv', 'Творіння природи досконаліше творінь мистецтва.', true, true, true),
       ('2020-08-10 20:00:00', 'shevtsov.oleksiy@mail.com', 0, 'oleksiy', '2020-09-10 21:00:00', 0, 2, 's-9pk7wplpebeyorjs-x-ckmkkdfqymvhpje', 20, '2020-08-10 21:00:00', 'Oleksiy', 'Kyiv', 'Природа - будинок, в якому живе людина.', true, true, true),
       ('2020-09-10 20:00:00', 'shumilo.yan@mail.com', 0, 'yan', '2020-09-10 21:00:00', 0, 2, '1r34z0-sntpdsbfqgwgp5x95mcdmnkrmxm6q', 20, '2020-09-10 21:00:00', 'Yan', 'Lviv', 'Найпрекрасніше в природі - відсутність людини', true, true, true),
       ('2020-09-10 20:00:00', 'volianskiy.ihor@mail.com', 0, 'ihor', '2020-09-10 21:00:00', 0, 2, '1ppxdc33xgp58jpsd3ot674c7m2dk7fxpvls', 20, '2020-09-10 21:00:00', 'Ihor', 'Kharkiv', 'Природа - це все, що створено не людиною.', true, true, true),
       ('2020-06-10 20:00:00', 'tsal.vitaliy@mail.com', 0, 'vitaliy', '2020-09-10 21:00:00', 0, 2, 'nv0uyb3wts40dn59hxjtn0y99ozdzqg7qv41', 20, '2020-06-10 21:00:00', 'Vitaliy', 'Kyiv', 'Природа щедра у своїх діях і бережлива в пропонованих нею причинах.', true, true, true),
       ('2020-09-10 20:00:00', 'tarasyuk.danylo@mail.com', 0, 'danylo', '2020-09-10 21:00:00', 0, 2, '9jx2qsdc68jreooqjdrvcm4om6w3gkrs15e5', 20, '2020-09-10 21:00:00', 'Danylo', 'Dnipro', 'Природа людини полягає в тому, щоб весь час йти вперед.', true, true, true),
       ('2020-02-10 20:00:00', 'spilberg.marian@mail.com', 0, 'marian', '2020-09-10 21:00:00', 0, 2, 'v9b7mrhgv2vgylk3mbqgap3vqxbkwc3jhk0w', 20, '2020-02-10 21:00:00', 'Marian', 'Kharkiv', 'Вітер є подихом природи.', true, true, true),
       ('2020-06-10 20:00:00', 'sirko.ivan@mail.com', 0, 'ivan', '2020-09-10 21:00:00', 0, 2, 'yqoc64aqppu29vwuv1xjvmzvkrjpfq-0gamn', 20, '2020-06-10 21:00:00', 'Ivan', 'Kyiv', ' У природі є і зерна, і труха.', true, true, true),
       ('2020-01-10 20:00:00', 'samsonov.rafael@mail.com', 0, 'Rafael', '2020-09-10 21:00:00', 0, 2, 'b9mq-zgsbz0sbe-48mgknakngryo1vrxiufp', 20, '2020-01-10 21:00:00', 'Rafael', 'Lviv', ' У природі ніщо не пропадає, крім самої природи.', true, true, true),
       ('2020-03-10 20:00:00', 'bytko.makar@mail.com', 0, 'makar', '2020-09-10 21:00:00', 0, 2, 'f781l5dghyz5gfksqdn2563hs1-ggol4l9u8', 20, '2020-03-10 21:00:00', 'Makar', 'Kyiv', ' Час знищує помилкові думки, а судження природи підтверджує.', true, true, true),
       ('2020-10-10 20:00:00', 'pavluk.lyka@mail.com', 0, 'lyka', '2020-09-10 21:00:00', 0, 2, 'udjysmn69eylpy30zxzigjwou5-2chze1uao', 20, '2020-10-10 21:00:00', 'Lyka', 'Kharkiv', 'Природа не храм, а майстерня, і людина в ній працівник.', true, true, true),
       ('2020-09-10 20:00:00', 'davudov.illia@mail.com', 0, 'Illia', '2020-09-10 21:00:00', 0, 2, 'ap8mkg6hosr9nr9zq-xgqskay2vyzdxvlmuy', 20, '2020-09-10 21:00:00', 'Illia', 'Kyiv', ' Природа не робить людей, люди роблять себе самі.', true, true, true);

INSERT INTO own_security (password, user_id)
VALUES ('stUqzeknlmu20e7LSo$XgmMipqvyYXj/$mRRPfLzyPOSyIWeimtaZ00q$$dg', 1),
       ('WlDUCAmtECANY0WyLWEnlsROlT97JvZqdJmHQsO1oNSaOljjGjl8$/5slYwQ', 2),
       ('9IzJWZrdoKAjsCQzezfkXAFewQgE75Gea9kTerb7a5lMLJA0uOMtuXf38Wxj', 3),
       ('NJ2oigkZhQtwufogLjIcyMj$9pc4C5TFyCraOy$h4J/fdZ2WjVp$jelABysW', 4),
       ('4uhbB190/qcinrbywziDTOVEjPTWQK/JO6O$J1mfA9Xo5wWMog7sHgTGrYu0', 5),
       ('sssPFUm1OePfQCVC5x0L81qrirXpCyS$mkeUzkTZOHBewb6h8hQpZfyl/Inv', 6),
       ('4W448ajP0WaoJsUGgh0vdVKhKCWRMVdsh4$tmohCrKTE3cT7rHHOGbxwYjJR', 7),
       ('floR7QuomhIl1JLAC7k3mP$AdkNjfhxQ2zdiUuTByEoekyaqD5ehDDGK1cB3', 8),
       ('$E$9Us99Jya3g8TiJgy1BdK1V4/YZHv0znml6KC6GctznyZ8K7tlrneNE3rr', 9),
       ('pP6CJUI2BTr/BJyfNIPTUUZNwxJ9hmTGhglgosr48P4SVKj8lvaG0W34QsO1', 10),
       ('zYoFAtd8XXcuO/Onjz21$2cWLRO7Rkns1yIfIFik/ubhuQnmN9T7ZpKQa/Wi', 11),
       ('bJ3KHLxxVj60MevjBj1dTy1fZVZczHMFgi0Cq9XsymUOkIgbfntECNqk$ocz', 12),
       ('G0JhOFnHETp2h6MvdssJVxOKZsnbN2caX39KX9GMbAIerT7wsQp1beYQlF4a', 13),
       ('W5OzDgI42hPW9HrpNrzYxwhcIeb9S383trV4S7/91/rUdK0tmBOp3GSI2Xpu', 14),
       ('J31y24$2Psy3T87HMMfyBOcnWoZP8AwAyzntB1q$c$C9u2gcpnvoW$XNBU2h', 15),
       ('wObyVX9jd0nJeOXgc1fF//o/UBH1T8hZqiheMaEW4A/QUwKtmrbqCtOc4fVw', 16),
       ('2Nbr2WDF0XZPd8vAqyfDmlo3C9eFjXfuxh8yrn0I$FiDg4sOQjKFlryPAlBz', 17),
       ('PI3YKYPjgh0Gsy5Da$IcX7NBkq/cEKiPHCXVGGU/Lcpannd7rhyS01t432AS', 18),
       ('KqA0tXuyR7qhFoGIA5mZdSBf0NB0ho/ocq7UM4SlKdCwDU40dG4Q96nlDIBH', 19),
       ('G2F42pURxPrpJZZOk8ikyZ4c2pVY0q7kDsQlNLUdpIBr9MuPALhaIB7fnRvD', 20);

INSERT INTO users_friends (user_id, friend_id)
VALUES (1, 2), (1, 3), (1, 4), (1, 5), (1, 6), (1, 7),
       (2, 1), (2, 3), (2, 4), (2, 5), (2, 6), (2, 7),
       (3, 1), (3, 2), (2, 4), (2, 5), (2, 6), (2, 7),
       (4, 1), (4, 2), (4, 3), (4, 5), (4, 6), (4, 7),
       (5, 1), (5, 2), (5, 3), (5, 4), (5, 6), (5, 7),
       (6, 1), (6, 2), (6, 3), (6, 4), (6, 5), (6, 7),
       (7, 1), (7, 2), (7, 3), (7, 4), (7, 5), (7, 6);


INSERT INTO user_achievements (user_id, achievement_id, achievement_status)
VALUES (1, 1, 'ACTIVE'),
       (1, 2, 'ACTIVE'),
       (1, 3, 'ACTIVE'),
       (1, 4, 'INACTIVE'),
       (5, 5, 'ACTIVE'),
       (6, 6, 'ACTIVE'),
       (7, 7, 'ACTIVE'),
       (8, 8, 'ACTIVE'),
       (9, 9, 'INACTIVE'),
       (10, 10, 'ACTIVE');

INSERT INTO custom_goals (text, user_id, status, date_completed)
VALUES ('Choose eco-transport', 1, 'DONE', '2020-09-10 20:00:001'),
       ('Buy a bamboo brush', 1, 'DONE', '2020-09-10 20:00:001'),
       ('Buy composter', 1, 'ACTIVE', null),
       ('Start sorting trash', 1, 'ACTIVE', null),
       ('Start recycling batteries', 2, 'DONE', '2020-09-10 20:00:001'),
       ('Finish book about vegans', 2, 'ACTIVE', null),
       ('Give up plastic', 3, 'ACTIVE', null),
       ('Carry a paper bag', 3, 'ACTIVE', null),
       ('Use paper cups', 3, 'ACTIVE', null),
       ('Buy only loose tea', 3, 'ACTIVE', null);

INSERT INTO goals (id)
VALUES (1), (2), (3),
       (4), (5), (6),
       (7), (8), (9), (10);


INSERT INTO user_goals (user_id, goal_id, status, date_completed)
VALUES (1, 2, 'DONE', '2020-09-10 20:00:001'),
       (1, 5, 'DONE', '2020-09-11 18:00:001'),
       (2, 5, 'DONE', '2020-09-11 18:00:001'),
       (2, 3, 'ACTIVE', null),
       (2, 1, 'ACTIVE', null),
       (3, 3, 'ACTIVE', null),
       (3, 1, 'DONE', '2020-10-05 20:00:001');


INSERT INTO achievement_categories(name)
VALUES ('Econews'),
       ('Rating'),
       ('Likes');

INSERT INTO achievements (achievement_category_id, condition)
VALUES ('1', '10'),
       ('1', '20');

INSERT INTO languages (code)
VALUES ('ua'),
       ('en'),
       ('ru');

INSERT INTO achievement_translations (title, description, message, language_id, achievement_id)
VALUES ('Вітаємо', 'Реєстраці', 'Вітаємо на Green City', '1', '1'),
       ('Acquaintance', 'Register and pass onboarding', 'Welcome you in Green City application!', '2', '1'),
       ('Поздоравление', 'Реистрация', 'Добро пожаловать в приложение Green City!', '3', '1'),
       ('Еко друг', 'Почніть відстежувати звичку', 'Гарного початку для вас і не здавайтесь! Досягнення "Еко друг" за вами.', '1', '2'),
       ('Eco friend', 'Start to track a habit', 'Good start for you and do not give up! Achievement "Eco friend" is yours.', '2', '2'),
       ('Эко друг', 'Начать отслеживать привычку', 'Хорошее начало для вас и не сдавайтесь! Достижение «Эко друг» принадлежит вам.', '3', '2');

INSERT INTO habits (image, default_duration)
VALUES ('image1', 14),
       ('image2', 14),
       ('image3', 14),
       ('image4', 14),
       ('image6', 14),
	   ('image7', 14),
	   ('image8', 14);

INSERT INTO advices (habit_id)
VALUES (1),
       (1),
       (2),
       (2),
       (3),
       (3),
       (4),
       (5);

INSERT INTO advice_translations (language_id, advice_id, content)
VALUES (1, 1, 'Покладіть по одній еко-сумці в кожну сумку чи рюкзак, так вона завжди буде з вами, якщо ви несподівано вирушите в магазин.'),
       (2, 1, 'Put one eco-bag in each bag or backpack, so it will always be with you if you unexpectedly go to the store.'),
       (3, 1, 'Положите по одной эко-сумке в каждую сумку или рюкзак, чтобы она всегда была с вами, если вы неожиданно отправитесь в магазин.'),
       (1, 2, 'Не беріть стаканчики - бережіть природу.'),
       (2, 2, 'Don''t take a glass - protect nature.'),
       (3, 2, 'Не берите стаканчики - берегите природу.'),
       (1, 3, 'Після переходу на сумки для багаторазового використання вам більше не доведеться постійно купувати пакети для товарів і продуктів. Еко сумки мають довший термін експлуатації та зношуються повільно.'),
       (2, 3, 'After switching to reusable bags, you no longer have to constantly buy packages for goods and products. Eco bags have a longer life and wear out slowly.'),
       (3, 3, 'После перехода на многоразовые сумки вам больше не придется постоянно покупать пакеты для товаров и продуктов. Эко-сумки имеют более длительный срок службы и медленно изнашиваются.'),
       (1, 4, 'Почніть зменшення побутових відходів з відмови від пластикових пакетів.'),
       (2, 4, 'To reduce household waste, start by giving up plastic bags.'),
       (3, 4, 'Начните уменьшения бытовых отходов с отказа от пластиковых пакетов.'),
       (1, 5, 'Всі сумки для багаторазового використання дуже легко чистити. Не потрібно турбуватися про те, що варення, мед або крихта потрапляють в куточки. Просто покладіть сумку в пральну або посудомийну машину.'),
       (2, 5, 'All reusable bags are very easy to clean. There is no need to worry about jam, honey or crumbs falling into the corners. Just put the bag in the washing machine or dishwasher.'),
       (3, 5, 'Все сумки для многократного использования очень легко чистить. Не нужно беспокоиться о том, что варенье, мед или крошка попадают в уголки. Просто положите сумку в стиральную или посудомоечную машину.'),
       (1, 6, 'Еко-сумки дуже популярні серед спортсменів і всіх, хто веде здоровий спосіб життя.'),
       (2, 6, 'Eco Bags are very popular with athletes and anyone who leads a healthy lifestyle.'),
       (3, 6, 'Эко-сумки очень популярны у спортсменов и тех, кто ведет здоровый образ жизни.');

INSERT INTO break_time (end_time, start_time)
VALUES ('10:00:00', '06:00:00'),
       ('10:00:00', '06:00:00'),
       ('10:00:00', '06:00:00'),
       ('10:00:00', '06:00:00'),
       ('10:00:00', '06:00:00'),
       ('12:00:00', '10:00:00'),
       ('12:00:00', '10:00:00');

INSERT INTO categories (name, parent_category_id)
VALUES ('Food', null),
       ('Park', null),
       ('Castle', null),
       ('Museum', null),
       ('Hotel', null);

INSERT INTO locations (address, lat, lng)
VALUES ('вулиця Під Дубом', 49.84988, 24.022533),
       ('Вулиця Кульпарківська, 226а, Львів, Львівська область, 79000', 49.807129, 23.977985),
       ('Площа Ринок, Львів, Львівська область, 79000', 49.842042, 24.030359),
       ('Проспект В''ячеслава Чорновола, 2, Львів, Львівська область, 79000', 49.847489, 24.025975),
       ('Площа Ринок, 14 (підвал), Львів, Львівська область, 79000', 49.841311, 24.03229),
       ('Вулиця Замкова, Львів, Львівська область, 79000', 49.951311, 24.03207),
       ('Софіївка, Галицький район, Львів, Львівська область, 79000', 49.855311, 24.03299),
       ('Вулиця Мечникова 33, Львів, Львівська область, 79000', 49.841912, 24.12229),
       ('Вулиця Високий Замок, Львів, Львівська область, 79000', 49.842213, 24.23229),
       ('Вулиця Академіка А.Сахарова, Львів, Львівська область, 79000', 49.804341, 24.03959);

INSERT INTO places (description, email, modified_date, name, phone, status, author_id, category_id, location_id)
VALUES ('Shopping center', 'forum_lviv@gmail.com', '2020-09-10 20:15:00', 'Forum', '0322 489 850', 2, 1, 1, 1),
       ('Shopping center', 'victoria_gardens@gmail.com', '2020-08-10 20:20:00', 'Victoria Gardens', '0322 590 202', 2, 1, 1, 2),
       ('Restaurant', 'pravda_lviv@gmail.com', '2020-07-10 16:31:00', 'Pravda', '0322 157 694', 2, 1, 1, 3),
       ('Restaurant', 'malevych_lviv@gmail.com', '2020-06-10 18:05:00', 'Malevych', '0322 849 348', 2, 1, 1, 4),
       ('Restaurant', 'kryivka_lviv@gmail.com', '2020-06-10 20:00:00', 'Kryivka', '067 310 3145', 2, 1, 1, 5),
       ('Park', 'high_castle@gmail.com', '2020-06-10 20:00:00', 'Park High Castle', '03222 47092', 2, 2, 3, 6),
       ('Park', 'str_park@gmail.com', '2020-06-10 21:00:00', 'Stryiskyi Park', '03222 47792', 2, 2, 2, 7),
       ('Cemetery', 'lych_cem@gmail.com', '2020-06-10 22:00:00', 'Lychakiv Cemetery', '0322 755 415', 2, 2, 4, 8),
       ('Castle', 'mou_high@gmail.com', '2020-06-10 20:33:00', 'Mountain High Castle', '03288 47792', 2, 2, 3, 9),
       ('Hotel', 'eco_tel@gmail.com', '2020-06-10 20:15:00', 'Ekotel', '03791 47792', 2, 2, 5, 10);


INSERT INTO comments (created_date, modified_date, text, estimate_id, parent_comment_id, place_id, user_id)
VALUES ('2020-02-10 14:15:00', '2020-02-10 14:15:00', 'Прекрасне місце, раджу.', null, null, 1, 1),
       ('2020-02-10 14:15:00', '2020-02-10 14:15:00', 'Завжди проводжу тут час.', null, null, 1, 2),
       ('2020-04-10 19:30:00', '2020-04-10 19:30:00', 'Одне з найцікавіших місць у Львові.', null, null, 2, 3),
       ('2020-04-10 19:30:00', '2020-04-10 19:30:00', 'What a beautiful place.', null, null, 2, 5),
       ('2020-04-10 13:54:00', '2020-04-10 13:54:00', 'Мені не дуже сподобалось.', null, null, 3, 6),
       ('2020-05-10 12:10:00', '2020-05-10 12:10:00', 'Як і всюди у Львові, прекрасно.', null, null, 3, 8),
       ('2020-05-10 20:19:00', '2020-05-10 20:19:00', 'Раджу відвідати.', null, null, 4, 10),
       ('2020-06-10 20:22:00', '2020-06-10 20:22:00', 'Always come back here.', null, null, 4, 13),
       ('2020-06-10 18:33:00', '2020-06-10 18:33:00', 'Чудово провів тут час.', null, null, 5, 14),
       ('2020-09-10 14:59:00', '2020-09-10 14:59:00', 'Recommend!', null, null, 5, 15);

INSERT INTO estimates (rate, comment_id, place_id, user_id)
VALUES (5, 1, 1, 1),
       (3, 2, 2, 1),
       (5, 3, 3, 3),
       (5, 4, 4, 5),
       (3, 5, 5, 6),
       (5, 6, 6, 8),
       (4, 7, 7, 10),
       (5, 8, 8, 13),
       (5, 9, 9, 14),
       (4, 10, 10, 15);

INSERT INTO specifications (name)
VALUES ('Animal'),
       ('Own cup'),
       ('Karaoke'),
       ('Shopping'),
       ('Ukrainian food'),
       ('Dance');

INSERT INTO discount_values (value, place_id, specification_id)
VALUES (3, 1, 1),
       (13, 2, 2),
       (20, 3, 3),
       (61, 4, 4),
       (91, 5, 5),
       (45, 6, 6),
       (45, 8, 6),
       (45, 9, 6);

INSERT INTO tags (name)
VALUES ('News'),
       ('Events'),
       ('Education'),
       ('Initiatives'),
       ('Ads'),
       ('Lifehacks'),
       ('Green thinking'),
       ('Zero waste'),
       ('3 r''s'),
       ('Eco-city');

INSERT INTO eco_news (creation_date, image_path, author_id, text, title, source)
VALUES ('2020-09-11 18:33:51', 'шлях до картинки', 1,
        'No matter where you live , you can make a difference in the impact of big agriculture. Purchasing foods produced by small, local farms, opting for organic produce whenever possible',
        'A New Way To Buy Food', null),
       ('2020-09-11 18:55:18', 'шлях до картинки', 2,
        'The benefits of biodegradable substances are only felt when they are disposed of properly. Compost piles capture and return all of the recycled nutrients to the environment, and help to sustain new life. ',
        'Why Biodegradable Products are Better for the Planet', null),
       ('2020-09-11 19:06:36', 'шлях до картинки', 3,
        'Over six gallons of water are required to produce one gallon of wine.',
        'Sustainable Wine Is Less Damaging to the Environment, But How Can You Spot It?', null),
       ('2020-09-11 19:14:15', 'шлях до картинки', 4,
        'Instead of trying to get rid of those lawn and garden weeds, harvest them for free homegrown meals.',
        'Please eat the dandelions: 9 edible garden weeds', null),
       ('2020-09-11 19:22:57', 'шлях до картинки', 5,
        'Weather happens hour by hour, day by day—it''s a thunderstorm, a heat wave, a windy afternoon. Taken as averages over decades and centuries, those patterns of precipitation, temperature, and wind for a given region comprise our climate.',
        'Climate Change', null),
       ('2020-09-11 19:31:35', 'шлях до картинки', 6,
        'According to the Environmental Protection Agency, food waste in the United States has tripled since 1960. In landfills, its decomposition generates methane, a potent greenhouse gas.',
        'A Growing Problem', null),
       ('2020-09-11 19:44:19', 'шлях до картинки', 7,
        'Global warming — a component of climate change — is the rapid increase in recorded temperatures of the ocean, land, and air caused by rising levels of carbon dioxide and other greenhouse gases in the atmosphere.',
        'Global Warming', null),
       ('2020-09-11 19:50:56', 'шлях до картинки', 8,
        'Researchers have found evidence of rainforests near the South Pole 90 million years ago, suggesting the climate was exceptionally warm at the time',
        'Traces of ancient rainforest in Antarctica point to a warmer prehistoric world', null),
       ('2020-09-11 19:55:05', 'шлях до картинки', 9, 'Rising sea surface temperatures and acidic waters could eliminate nearly all existing coral reef habitats by 2100, suggesting restoration projects in these areas will likely meet serious challenges','Warming, acidic oceans may nearly eliminate coral reef habitats by 2100', null),
       ('2020-09-11 20:12:56', 'шлях до картинки', 10, 'Four fossilized monkey teeth discovered deep in the Peruvian Amazon provide new evidence that more than one group of ancient primates journeyed across the Atlantic Ocean from Africa.', 'Ancient Teeth from Peru Hint Now-Extinct Monkeys Crossed Atlantic from Africa', null),
       ('2020-09-11 20:15:03', 'шлях до картинки', 11, 'Researchers from Cambridge University and University of California San Diego have 3D printed coral-inspired structures that are capable of growing dense populations of microscopic algae', '3D-printed corals could improve bioenergy and help coral reefs', null);


INSERT INTO eco_news_tags (eco_news_id, tags_id)
VALUES (1, 4),
       (2, 4),
       (3, 1),
       (4, 4),
       (5, 1),
       (6, 1),
       (7, 1),
       (8, 1),
       (9, 1),
       (10, 1),
       (11, 1);

INSERT INTO econews_comment (text, created_date, modified_date, parent_comment_id, user_id, eco_news_id, deleted)
VALUES ('Досить інтересно.', '2020-09-15 20:00:00', '2020-09-15 20:00:00', null, 1, 1, false),
       ('Завжди цікаво почитати новини на цю тему.', '2020-09-15 20:00:00', '2020-09-15 20:00:00', null, 2, 2, false),
       ('Як завжди, цікаві новини.', '2020-09-15 20:00:00', '2020-09-15 20:00:00', null, 3, 3, false),
       ('Ставлю лайк новині.', '2020-09-15 20:00:00', '2020-09-15 20:00:00', null, 4, 4, false),
       ('Тяжко повірити у достовірність наданої інформації.', '2020-09-15 20:00:00', '2020-09-15 20:00:00', null, 5, 5, false),
       ('Ого...', '2020-09-15 20:00:00', '2020-09-15 20:00:00', null, 6, 6, false),
       ('Глобальне потепління - погано.', '2020-09-15 20:00:00', '2020-09-15 20:00:00', null, 7, 7, false),
       ('90 мільйонів років, ого.', '2020-09-15 20:00:00', '2020-09-15 20:00:00', null, 8, 8, false),
       ('Потрібно діяти, поки ще є час.', '2020-09-15 20:00:00', '2020-09-15 20:00:00', null, 10, 9, false),
       ('Люблю мавп, досить інтересні тварини.', '2020-09-15 20:00:00', '2020-09-15 20:00:00', null, 11, 10, false),
       ('Кебридж як завжди, у всьому перший.', '2020-09-15 20:00:00', '2020-09-15 20:00:00', null, 12, 11, false);

INSERT INTO econews_comment_users_liked (econews_comment_id, users_liked_id)
VALUES (1, 1),
       (2, 2),
       (3, 1),
       (4, 1),
       (5, 2),
       (7, 1),
       (8, 3),
       (9, 3),
       (11, 10);

INSERT INTO fact_of_the_day (name, create_date)
VALUES ('27,000 дерев знищується кожен день для виробництва туалетного папіру.', '2020-09-10 20:00:00'),
       ('Переробка однієї алюмінієвої банки зможе надати достатньо електроенергії, щоб телевізор працював мінімум 3 години. 80 мільярдів алюмінієвих банок використовується щоденно', '2020-09-10 20:01:00'),
       ('Папір може бути перероблений тільки шість разів. Після цього волокна дуже слабкі щоб триматися разом', '2020-09-10 20:02:00'),
       ('40% усієї води у світі продається у пляшках.', '2020-09-10 20:03:00'),
       ('Скляна пляшка зроблена у наш час потребує 4000 років для розкладання', '2020-09-10 20:04:00'),
       ('Найстарішому дереву у світі більше 4600 років.', '2020-09-10 20:05:00'),
       ('Наша планета збільшується на 77 мільйонів жителів щорічно.', '2020-09-10 20:06:00'),
       ('Сміттєзвалища складаються на  35% з пакувальних матеріалів.', '2020-09-10 20:07:00'),
       ('Тропічні ліси скорочуються на 100 акрів щохвилинно.', '2020-09-10 20:08:00'),
       ('30% відсотків холодного повітря зникає з вашого холодильника коли Ви його відчиняєте.', '2020-09-10 20:09:00');

INSERT INTO fact_of_the_day_translations (content, fact_of_the_day_id, language_id)
VALUES ('27,000 дерев знищується кожен день для виробництва туалетного папeру.', 1, 1),
       ('27,000 trees are destroyed every day to produce toilet paper.', 1, 2),
       ('27,000 деревьев уничтожается каждый день для производства туалетной бумаги.', 1, 3),
       ('Переробка однієї алюмінієвої банки зможе надати достатньо електроенергії, щоб телевізор працював мінімум 3 години. 80 мільярдів алюмінієвих банок використовується щоденно.', 2, 1),
       ('Recycling one aluminum can will provide enough electricity to keep the TV running for at least 3 hours. 80 billion aluminum cans are used daily.', 2, 2),
       ('Переработка одной алюминиевой банки сможет предоставить достаточно электроэнергии, чтобы телевизор работал минимум 3 часа. 80 миллиардов алюминиевых банок используется ежедневно.', 2, 3),
       ('Папір може бути перероблений тільки шість разів. Після цього волокна дуже слабкі щоб триматися разом.', 3, 1),
       ('Paper can only be recycled six times. After that, the fibers are too weak to stick together.', 3, 2),
       ('Бумага может быть переработан только шесть раз. После этого волокна очень слабые чтобы держаться вместе.', 3, 3),
       ('40% усієї води у світі продається у пляшках.', 4, 1),
       ('40% of all water in the world is sold in bottles.', 4, 2),
       ('40% всей воды в мире продается в бутылках.', 4, 3),
       ('Скляна пляшка зроблена у наш час потребує 4000 років для розкладання.', 5, 1),
       ('A glass bottle made nowadays takes 4000 years to decompose.', 5, 2),
       ('Стеклянная бутылка сделана в наше время требует 4000 для разложения.', 5, 3),
       ('Найстаршому дереву у світі більше 4600 років.', 6, 1),
       ('The oldest tree in the world is more than 4600 years old.', 6, 2),
       ('Самое старое дерево в мире имеет более 4600 лет.', 6, 3),
       ('Наша планета збільшується на 77 мільйонів жителів щорічно.', 7, 1),
       ('Our planet is growing by 77 million people every year.', 7, 2),
       ('Наша планета увеличивается на 77 миллионов жителей ежегодно.', 7, 3),
       ('Сміттєзвалища складаються на 35% з пакувальних матеріалів.', 8, 1),
       ('Landfills consist of 35% of packaging materials.', 8, 2),
       ('Свалки состоят на 35% из упаковочных материалов.', 8, 3),
       ('Тропічні ліси скорочуються на 100 акрів щохвилинно.', 9, 1),
       ('Rainforests are declining by 100 acres every minute.', 9, 2),
       ('Тропические леса сокращаются на 100 акров ежеминутно.', 9, 3),
       ('30% відсотків холодного повітря зникає з вашого холодильника коли Ви його відчиняєте.', 10, 1),
       ('30% of the cold air disappears from your refrigerator when you open it.', 10, 2),
       ('30% процентов холодного воздуха исчезает из вашего холодильника когда Вы его открываете.', 10, 3);

INSERT INTO favorite_places (name, place_id, user_id)
VALUES ('Forum', 1, 1),
       ('Victoria Gardens', 2, 1),
       ('Pravda', 3, 2),
       ('Malevych', 4, 2),
       ('Kryivka', 5, 3),
       ('Park High Castle', 6, 5),
       ('Stryiskyi Park', 7, 7),
       ('Lychakiv Cemetery', 8, 8),
       ('Mountain High Castle', 9, 11),
       ('Ekotel', 10, 12);

INSERT INTO goal_translations (content, goal_id, language_id)
VALUES ('Вибирайте екотранспорт', 1, 1),
       ('Choose eco-transport', 1, 2),
       ('Выбирайте эко-транспорт', 1, 3),
       ('Купіть бамбукову щітку', 2, 1),
       ('Buy a bamboo brush', 2, 2),
       ('Купитe бамбуковую щетку', 2, 3),
       ('Придбайте компостер', 3, 1),
       ('Buy composter', 3, 2),
       ('Купите компостер', 3, 3),
       ('Почніть сортувати сміття', 4, 1),
       ('Start sorting trash', 4, 2),
       ('Начните сортировать мусор', 4, 3),
       ('Почніть переробляти акумулятори', 5, 1),
       ('Start recycling batteries', 5, 2),
       ('Начать переработку аккумуляторов', 5, 3),
       ('Прочитати книгу про вегетаріанство', 6, 1),
       ('Finish book about vegans', 6, 2),
       ('Закончить книгу о вегетарианстве', 6, 3),
       ('Відмовтеся від пластику', 7, 1),
       ('Give up plastic', 7, 2),
       ('Откажитесь от пластика', 7, 3),
       ('Носіть паперовий пакет', 8, 1),
       ('Carry a paper bag', 8, 2),
       ('Носите бумажный пакет', 8, 3),
       ('Використовуйте паперові склянки', 9, 1),
       ('Use paper cups', 9, 2),
       ('Используйте бумажные стаканчики', 9, 3),
       ('Купуйте тільки розсипний чай', 10, 1),
       ('Buy only loose tea', 10, 2),
       ('Покупайте только рассыпной чай', 10, 3);

INSERT INTO habit_facts (habit_id)
VALUES (1),
       (2),
       (2),
       (2),
       (2),
       (1),
       (1),
       (1);

INSERT INTO habit_fact_translations (language_id, habit_fact_id, content, fact_of_day_status)
VALUES (1, 1, 'Тест факт', 2),
       (2, 2, 'testFactTranslationsContent', 2),
       (3, 3, 'Тест факт', 2);



INSERT INTO habit_translation (name, description, habit_item, language_id, habit_id)
VALUES ('Економити пакети', 'Опис пакетів', 'Пакети', 1, 1),
       ('Save bags', 'bag description', 'bags', 2, 1),
       ('экономить пакеты', 'описание пакетов', 'Пакеты', 3, 1),
       ('Відмовитись від одноразових стаканчиків', 'Опис стаканчиків', 'Стаканчики',1, 2),
       ('Discard disposable cups', 'cap description', 'caps',2, 2),
       ('Отказаться от одноразовых стаканчиков', 'описание стаканчиков', 'Стаканчики',3, 2);

INSERT INTO habit_assign (habit_id, user_id, status, create_date, duration)
VALUES (1, 1, 'ACTIVE', '2020-09-10 20:00:00', 14);

INSERT INTO habit_statistics (rate, create_date, amount_of_items, habit_assign_id)
VALUES ('GOOD', '2020-09-10 20:00:00', 5, 1);

INSERT INTO habit_status (working_days, habit_streak, habit_assign_id, last_enrollment)
VALUES (5, 4, 1, '2020-09-10 20:00:00.823000');

INSERT INTO habit_status_calendar (enroll_date, habit_assign_id)
VALUES ('2020-09-10', 1);
-- HABITS END --

INSERT INTO news_subscribers (email_address, unsubscribe_token)
VALUES ('majboroda.artur@mail.com', 'a06b0b4e-8696-419c-a776-611c36f79d39'),
       ('komarov.eduard@mail.com', 'pWGIcOYIbvZiHNcPG68NHiTcofV1kk5FvWah'),
       ('oleksiv.shamil@mail.com', 'pdaTEKlxUrvo0riNtA5BNvCEKReEa4EZagks'),
       ('irshov.grugorij@mail.com', '5zHqn2tdGNdJcYjrva4t2QPkMdRFT8l08MRV'),
       ('liakh.roman@mail.com', 'oDXVDh8OLe1FP54UmsUfQrf2GM2ixbxLrHWf'),
       ('miasnuk.ihor@mail.com', 'IF7PgvPerJVyJfc9bCBx1VGeSV6yiZe3yY6U'),
       ('efimov.ivan@mail.com', 'XenutRA9yZdU7TiNV0ZiwnVzLdGqimiB9ND8'),
       ('pochynok.petro@mail.com', 'dbjhgbNdQxJKkhBlc7lbrq8CSCOm2GFjIbFb'),
       ('serdyuk.orest@mail.com', '9I0hlPphve3uZXXU2nZO3cejdM3p0tKVN4aW'),
       ('shevtsov.oleksiy@mail.com', 'zweNp5Vxde2kPzIS0T1qSnzB7E5GTtO6OiNA'),
       ('shumilo.yan@mail.com', 'DHkLXwmvDfN7MsOmEZPWAHdHoZp8JgvDCbdm'),
       ('volianskiy.ihor@mail.com', 'f1rO4XcGPvGBN1AECNfqwdNdT5j9mGGa4arF'),
       ('tsal.vitaliy@mail.com', 'utntxJQEGdpGcUmlao4CmiFybBrUulCtPTwo'),
       ('tarasyuk.danylo@mail.com', 'f32YU9TDLLP5QtOYYYWVc1bGrxCbFxWIpZeX'),
       ('spilberg.marian@mail.com', 'IC00aKlv3o7pqcADMbCtCd32L9xnHA80S3rM'),
       ('sirko.ivan@mail.com', 'UmbefZkurK9qabZ3cchOoHfbsJ8YpXIMVAwo'),
       ('samsonov.rafael@mail.com', 'Tpm35L1Fcv3jrAe5ZQLUGeoi1889eMf7V7kd'),
       ('bytko.makar@mail.com', 'pZ8YbdKLheKFBgcUXGPO9uqpt4B2OLifuEl0');

INSERT INTO opening_hours (close_time, open_time, week_day, place_id)
VALUES ('20:00:00', '06:00:00', 0, 1),
       ('20:00:00', '06:00:00', 1, 1),
       ('20:00:00', '06:00:00', 2, 1),
       ('20:00:00', '06:00:00', 3, 1),
       ('20:00:00', '06:00:00', 4, 1),

       ('20:00:00', '06:00:00', 0, 2),
       ('20:00:00', '06:00:00', 1, 2),
       ('20:00:00', '06:00:00', 2, 2),
       ('20:00:00', '06:00:00', 3, 2),
       ('20:00:00', '06:00:00', 4, 2),

       ('20:00:00', '06:00:00', 0, 3),
       ('20:00:00', '06:00:00', 1, 3),
       ('20:00:00', '06:00:00', 2, 3),
       ('20:00:00', '06:00:00', 3, 3),
       ('20:00:00', '06:00:00', 4, 3),

       ('20:00:00', '06:00:00', 0, 4),
       ('20:00:00', '06:00:00', 1, 4),
       ('20:00:00', '06:00:00', 2, 4),
       ('20:00:00', '06:00:00', 3, 4),
       ('20:00:00', '06:00:00', 4, 4),

       ('20:00:00', '06:00:00', 0, 5),
       ('20:00:00', '06:00:00', 1, 5),
       ('20:00:00', '06:00:00', 2, 5),
       ('20:00:00', '06:00:00', 3, 5),
       ('20:00:00', '06:00:00', 4, 5),

       ('20:00:00', '06:00:00', 0, 6),
       ('20:00:00', '06:00:00', 1, 6),
       ('20:00:00', '06:00:00', 2, 6),
       ('20:00:00', '06:00:00', 3, 6),
       ('20:00:00', '06:00:00', 4, 6),

       ('20:00:00', '06:00:00', 0, 7),
       ('20:00:00', '06:00:00', 1, 7),
       ('20:00:00', '06:00:00', 2, 7),
       ('20:00:00', '06:00:00', 3, 7),
       ('20:00:00', '06:00:00', 4, 7),

       ('20:00:00', '06:00:00', 0, 8),
       ('20:00:00', '06:00:00', 1, 8),
       ('20:00:00', '06:00:00', 2, 8),
       ('20:00:00', '06:00:00', 3, 8),
       ('20:00:00', '06:00:00', 4, 8),

       ('20:00:00', '06:00:00', 0, 9),
       ('20:00:00', '06:00:00', 1, 9),
       ('20:00:00', '06:00:00', 2, 9),
       ('20:00:00', '06:00:00', 3, 9),
       ('20:00:00', '06:00:00', 4, 9),

       ('20:00:00', '06:00:00', 0, 10),
       ('20:00:00', '06:00:00', 1, 10),
       ('20:00:00', '06:00:00', 2, 10),
       ('20:00:00', '06:00:00', 3, 10),
       ('20:00:00', '06:00:00', 4, 10);

INSERT INTO social_network_images (image_path, host_path)
VALUES ('https://storage.cloud.google.com/staging.greencity-c5a3a.appspot.com/2dbb72fd-310a-4f99-8b2a-67e31dedd7e9', 'www.facebook.com'),
       ('https://storage.cloud.google.com/staging.greencity-c5a3a.appspot.com/b043bbaa-044c-4df7-bf48-823114b4ec40', 'www.google.com'),
       ('https://storage.cloud.google.com/staging.greencity-c5a3a.appspot.com/ad823c72-9015-4cd9-8b52-e09c8a6aaf5b', 'instagram.com');

INSERT INTO social_networks (user_id, social_network_url, social_network_image_id)
VALUES (1, 'https://www.facebook.com/greencitysocialproject1', 2),
       (2, 'https://www.facebook.com/greencitysocialproject1', 2),
       (5, 'https://www.facebook.com/greencitysocialproject1', 2),
       (6, 'https://www.facebook.com/greencitysocialproject1', 2),
       (9, 'https://www.facebook.com/greencitysocialproject1', 2),
       (12, 'https://www.facebook.com/greencitysocialproject1', 2);

INSERT INTO tips_and_tricks (creation_date, author_id, image_path, source)
VALUES ('2020-09-10 20:00:00', 1, 'ImagePath', 'https://sweetsimplevegan.com/2019/04/25-ways-to-reduce-waste/'),
       ('2020-09-10 20:00:00', 2, 'ImagePath', 'https://sweetsimplevegan.com/2019/04/25-ways-to-reduce-waste/'),
       ('2020-09-10 20:00:00', 3, 'ImagePath', 'https://sweetsimplevegan.com/2019/04/25-ways-to-reduce-waste/'),
       ('2020-09-10 20:00:00', 4, 'ImagePath', 'https://sweetsimplevegan.com/2019/04/25-ways-to-reduce-waste/'),
       ('2020-09-10 20:00:00', 5, 'ImagePath', 'https://sweetsimplevegan.com/2019/04/25-ways-to-reduce-waste/'),
       ('2020-09-10 20:00:00', 6, 'ImagePath', 'https://sweetsimplevegan.com/2019/04/25-ways-to-reduce-waste/');


INSERT INTO title_translations(content, tips_and_tricks_id, language_id)
VALUES ('Не забирайте додому зайвий мотлох', 1, 1),
       ('Don''t take home any unnecessary trash or junk', 1, 2),
       ('Не забирайте домой ненужный хлам', 1, 3),
       ('Без паперу', 2, 1),
       ('Go paperless', 2, 2),
       ('Без бумаги', 2, 3),
       ('Спробуйте відмовитись від небажаної пошти', 3, 1),
       ('Try to refuse junk mail', 3, 2),
       ('Попробуйте отказаться от нежелательной почты', 3, 3),
       ('Скажіть «ні» поліетиленовим пакетам для продуктів, а замість них принесіть свій', 4, 1),
       ('Say no to plastic bags for groceries or produce and bring your own instead', 4, 2),
       ('Скажите нет пластиковым пакетам для продуктов и вместо этого принесите свои', 4, 3),
       ('Інвестуйте в предмети вищої якості', 5, 1),
       ('Invest in higher quality items', 5, 2),
       ('Инвестируйте в предметы более высокого качества', 5, 3),
       ('Використовуйте кухонні рушники замість паперових', 6, 1),
       ('Use kitchen towels instead of paper towels', 6, 2),
       ('Используйте кухонные полотенца вместо бумажных.', 6, 3);

INSERT INTO text_translations(content, tips_and_tricks_id, language_id)
VALUES('Якщо ви хочете листівку чи візитну картку, краще сфотографуйте, аніж беріть її додому. Це особливо актуально на концертах та прогулянках, де вони роздіються безкоштовно.', 1, 1),
      ('If you want a flyer or business card, take a photo rather than taking it home. This is especially relevant at concerts and outings where freebies are being passed out.', 1, 2),
      ('Если вам нужен флаер или визитка, сделайте снимок, а не забирайте его домой. Это особенно актуально на концертах и прогулках, где их раздают бессплатно.', 1, 3),
      ('Ми знаємо, що це може бути складним завданням, але вибір гарячих видань, книг в Інтернеті, або навіть оренда в бібліотеці або позичання у друга має велике значення.', 2, 1),
      ('We know this can be a challenge, but opting for kindles, online books, or even renting from the library or borrowing from a friend makes a huge difference.', 2, 2),
      ('Мы знаем, что это может быть проблемой, но выбор гарячих изданий, онлайн-книг или даже аренда в библиотеке или заимствование у друга имеет огромное значение.', 2, 3),
      ('Епідемія небажаної пошти справжня. Ми завжди закінчуємо її переробкою, але ми з’ясували, що є кращий варіант.', 3, 1),
      ('The junk mail epidemic is real. We always end up recycling it, but we found out there is a better option.', 3, 2),
      ('Эпидемия нежелательной почты реальна. Мы всегда заканчиваем ее переработкой, но мы обнаружили, что есть лучший вариант.', 3, 3),
      ('Пам’ятайте, вам не потрібно використовувати виробничі пакети. Ви можете придбати багаторазові пакети спеціально для продуктів.', 4, 1),
      ('Remember, you don’t need to use v. You can purchase reusable bags specifically for produce.', 4, 2),
      ('Помните, что пакеты для продуктов использовать не обязательно. Вы можете приобрести многоразовые пакеты специально для продуктов.', 4, 3),
      ('Предмети вищої якості в довгостроковій перспективі прослужать довше і заощадять ваші гроші.', 5, 1),
      ('Higher quality items will last longer in the long run and will save you money.', 5, 2),
      ('Вещи более высокого качества прослужат дольше и сэкономят вам деньги.', 5, 3),
      ('Ця проста заміна може мати величезний вплив, і це те, що ви можете почати робити прямо зараз.', 6, 1),
      ('This simple switch can have a huge impact and it’s something you can start doing right now.', 6, 2),
      ('Эта простая замена может иметь огромное влияние, и вы можете начать делать это прямо сейчас.', 6, 3);


INSERT INTO tips_and_tricks_tags (tips_and_tricks_id, tags_id)
VALUES (1, 6),
       (1, 8),
       (1, 10),
       (2, 8),
       (3, 6),
       (3, 7),
       (4, 3),
       (5, 3),
       (6, 3);


INSERT INTO tipsandtricks_comment (text, created_date, modified_date, parent_comment_id, user_id, tips_and_tricks_id, deleted)
VALUES ('Чудово. Візьму на замітку.', '2020-09-10 20:00:00', '2020-09-10 20:01:00', null, 1, 1, false),
       ('Досить інтересно.', '2020-09-10 20:00:00', '2020-09-10 20:01:00', null, 2, 2, false),
       ('Ніколи і не задумувався про це.', '2020-09-10 20:00:00', '2020-09-10 20:01:00', null, 3, 3, false),
       ('Достатньо переконуюча порада.', '2020-09-10 20:00:00', '2020-09-10 20:01:00', null, 4, 4, false),
       ('Хм, а це і правда має сенс.', '2020-09-10 20:00:00', '2020-09-10 20:01:00', null, 5, 5, false),
       ('Цілком згіден.', '2020-09-10 20:00:00', '2020-09-10 20:01:00', null, 6, 6, false);

INSERT INTO tipsandtricks_comment_users_liked (tipsandtricks_comment_id, users_liked_id)
VALUES (1, 1),
       (1, 1),
       (2, 5),
       (2, 1),
       (3, 7),
       (4, 1),
       (5, 2);
